telling,datum_afspraak_coachgesprek,postcode
1,2023-04-01,8024AP
2,2023-05-01,8016HM
3,2023-05-01,8032EN
4,2023-06-01,8024BB
5,2023-06-01,8024PC
6,2023-11-01,8032CP
7,2023-01-13,8011JH
8,2023-01-16,8032TD
9,2023-01-18,8017BA
10,2023-01-19,8033CB
11,2023-01-20,8014JP
12,2023-01-23,8032TR
13,2023-01-23,8032XZ
14,2023-01-23,8034RA
15,2023-01-24,8032TB
16,2023-01-27,8011ET
17,2023-01-02,8032NE
18,2023-02-02,8016LM
19,2023-02-02,8032CG
20,2023-02-02,8032NP
21,2023-03-02,8012DW
22,2023-07-02,8033DW
23,2023-08-02,8033BX
24,2023-08-02,8033BN
25,2023-08-02,8032TM
26,2023-09-02,8013ZA
27,2023-09-02,8032LR
28,2023-02-13,8033EG
29,2023-02-13,8031DC
30,2023-02-14,8016ER
31,2023-02-15,8033CN
32,2023-02-16,8016LA
33,2023-02-17,8023BV
34,2023-02-17,8012BN
35,2023-02-17,8031DB
36,2023-02-17,8017BH
37,2023-02-18,8014CX
38,2023-02-20,8015BL
39,2023-02-20,8042AT
40,2023-02-20,8031CA
41,2023-02-22,8033EG
42,2023-02-23,8042GB
43,2023-02-23,8043EH
44,2023-02-24,8032JN
45,2023-02-28,8016LM
46,2023-02-28,8035RA
47,2023-01-03,8042NR
48,2023-01-03,8011LC
49,2023-07-03,8014HD
50,2023-07-03,8016DS
51,2023-07-03,8017NA
52,2023-08-03,8016LM
53,2023-08-03,8016AP
54,2023-10-03,8042CX
55,2023-10-03,8032JK
56,2023-03-13,8014JA
57,2023-03-13,8033DH
58,2023-03-14,8016LT
59,2023-03-16,8014JK
60,2023-03-17,8017AM
61,2023-03-20,8023BG
62,2023-03-23,8012VM
63,2023-03-24,8014ZC
64,2023-03-24,8017MC
65,2023-03-31,8014JK
66,2023-03-31,8016AK
67,2023-03-04,8025AR
68,2023-04-04,8015PT
69,2023-07-04,8015PW
70,2023-04-13,8016MG
71,2023-04-14,8014GE
72,2023-04-19,8014EJ
73,2023-04-19,8014CD
74,2023-04-19,8017DE
75,2023-04-23,8032TE
76,2023-04-24,8016AW
77,2023-04-25,8022RT
78,2023-04-28,8032LM
79,2023-02-05,8012WD
80,2023-10-05,8014CT
81,2023-10-05,8023DJ
82,2023-12-05,8014AM
83,2023-12-05,8043VN
84,2023-05-15,8017JB
85,2023-05-16,8014MN
86,2023-05-17,8016LL
87,2023-05-22,8032LM
88,2023-05-22,8032TE
89,2023-05-25,8015BR
90,2023-05-30,8032XG
91,2023-06-25,8032JG
92,2023-06-29,8012WX
93,2023-02-08,8012WN
94,2023-08-14,8012DZ
95,2023-08-18,8012AJ
96,2023-08-24,8032GA
97,2023-04-09,8012DL
98,2023-09-15,8014PN
99,2023-09-18,8033BH
100,2023-09-20,8032DT
101,2023-09-22,8022BC
102,2023-09-28,8032AH
103,2023-02-10,8032GN
104,2023-11-10,8014PA
105,2023-10-13,8012XS
106,2023-10-16,8033CK
107,2023-10-17,8016GC
108,2023-10-20,8012CW
109,2023-10-24,8017NM
110,2023-10-27,8032ZJ
111,2023-10-27,8012VH
112,2023-10-30,8014TM
113,2023-10-30,8032KX
114,2023-10-31,8032EE
115,2023-03-11,8032TV
116,2023-05-11,8031JM
117,2023-10-11,8031JB
118,2023-11-14,8014ZG
119,2023-11-14,8033AB
120,2023-11-14,8032GA
121,2023-11-14,8032GA
122,2023-11-15,8043TW
123,2023-11-16,8033BZ
124,2023-11-21,8042GL
125,2023-11-24,8043RW
126,2023-11-24,8013TB
127,2023-11-25,8032AH
128,2023-11-28,8042AB
129,2023-11-29,8017BB
130,2023-11-30,8031ZP
131,2023-02-12,8032CK
132,2023-05-12,8032CJ
133,2023-07-12,8032KM
134,2023-08-12,8031EW
135,2023-08-12,8031AV
136,2023-12-13,8042AM
137,2023-12-15,8033CP
138,2023-12-18,8032KM
139,2023-12-20,8043KP
140,2023-12-20,8032NK
141,2023-12-21,8033EB
142,2023-12-22,8011AP
143,2023-12-22,8031JH
144,2023-12-23,8031AV
145,2023-12-27,8032LM
1,2024-03-01,8042BB
2,2024-05-01,8023AG
3,2024-08-01,8016BC
4,2024-09-01,3851BK
5,2024-10-01,8042AX
6,2024-11-01,8033DM
7,2024-12-01,8014CA
8,2024-12-01,8042AL
9,2024-12-01,8033CG
10,2024-12-01,8042MH
11,2024-01-15,8017DM
12,2024-01-15,8016LM
13,2024-01-16,8013AH
14,2024-01-16,8012WK
15,2024-01-17,8043ZW
16,2024-01-19,8032AE
17,2024-01-22,8017DM
18,2024-01-22,8032LN
19,2024-01-23,8016MG
20,2024-01-26,8023AJ
21,2024-01-27,8032CC
22,2024-01-29,8016LL
23,2024-01-30,8033DC
24,2024-01-02,8032CV
25,2024-08-02,8012DT
26,2024-09-02,8016MK
27,2024-09-02,8031PA
28,2024-12-02,8032XG
29,2024-02-13,8031ZG
30,2024-02-13,8014SB
31,2024-02-16,8032TX
32,2024-02-18,8043KE
33,2024-02-20,8017LV
34,2024-02-20,8012AE
35,2024-02-20,8012VZ
36,2024-02-20,8023CW
37,2024-02-22,8042GZ
38,2024-02-23,8016MA
39,2024-02-27,8015BL
40,2024-02-27,8012AE
41,2024-02-27,8012XH
42,2024-02-27,8032EL
43,2024-02-28,8031JL
44,2024-02-28,8021DP
45,2024-02-28,8032EJ
46,2024-02-28,8042AV
47,2024-02-29,8031ZV
48,2024-01-03,8043EW
49,2024-01-03,8017AV
50,2024-01-03,8023TT
51,2024-04-03,8033CJ
52,2024-04-03,8032AL
53,2024-05-03,8014DE
54,2024-05-03,8032ND
55,2024-06-03,8015DX
56,2024-06-03,8012ES
57,2024-06-03,8033DM
58,2024-07-03,8011GP
59,2024-08-03,8016LE
60,2024-08-03,8017DA
61,2024-08-03,8033BT
62,2024-11-03,8012TT
63,2024-12-03,8023TT
64,2024-03-14,8012XG
65,2024-03-14,8012XG
66,2024-03-15,8012XG
67,2024-03-18,8033AX
68,2024-03-20,8032MP
69,2024-03-21,8016HK
70,2024-03-23,8014MK
71,2024-03-28,8042AD
72,2024-03-28,8224HP
73,2024-03-30,8033DG
74,2024-04-04,8012CR
75,2024-08-04,8014PP
76,2024-09-04,8013AD
77,2024-11-04,8033CL
78,2024-11-04,8033AG
79,2024-12-04,8023AZ
80,2024-04-15,8031TN
81,2024-04-17,8016BK
82,2024-04-17,8017MR
83,2024-04-17,8012DT
84,2024-04-19,8012CX
85,2024-04-24,8017BG
86,2024-04-24,8023BG
87,2024-04-30,8031KL
88,2024-08-05,8011VX
89,2024-05-15,8031GB
90,2024-04-06,8033DW
91,2024-05-06,8016BL
92,2024-05-06,8011CV
93,2024-10-06,8015BV
94,2024-12-06,8023VA
95,2024-06-14,8033CC
96,2024-06-20,8012CS
97,2024-06-26,8014ZD
98,2024-05-07,8023TX
99,2024-09-07,8043XG
100,2024-09-07,8033BH
101,2024-10-07,8032TV
102,2024-12-08,8032NJ
103,2024-08-19,8043VD
104,2024-08-19,8031DK
105,2024-08-30,8033DM
106,2024-10-09,8012EA
107,2024-11-09,8023AR
108,2024-09-13,8043XW
109,2024-09-13,8011GL
110,2024-09-13,8023AZ
111,2024-09-20,8032XK
112,2024-09-21,8016AV
113,2024-09-25,8014ZB
114,2024-09-25,8023DP
115,2024-09-27,8032XK
116,2024-10-10,8032TB
117,2024-10-16,8012AE
118,2024-10-17,8012VN
119,2024-10-21,8014PR
120,2024-10-23,8014BA
121,2024-10-23,8014EM
122,2024-10-24,8033DJ
123,2024-10-25,8031JH
124,2024-10-28,8032CW
125,2024-10-28,8014DA
126,2024-10-30,8042EZ
127,2024-10-30,8033DA
128,2024-04-11,8043XW
129,2024-04-11,8012DW
130,2024-05-11,8014CG
131,2024-06-11,8032TB
132,2024-06-11,8033DJ
133,2024-08-11,8033BE
134,2024-09-11,8019AT
135,2024-12-11,8032XD
136,2024-11-13,8013AE
137,2024-11-14,8043XL
138,2024-11-18,8015AL
139,2024-11-18,8031JR
140,2024-11-19,8032XM
141,2024-11-20,8012WV
142,2024-11-21,8032KM
143,2024-11-21,8032ZL
144,2024-11-22,8032XK
145,2024-11-22,8032LA
146,2024-11-22,8012XA
147,2024-11-25,8043AT
148,2024-11-26,8023CP
149,2024-11-26,8031WL
150,2024-11-27,8033GB
151,2024-11-29,8023DA
152,2024-11-29,8032HX
153,2024-03-12,8032CW
154,2024-05-12,8042ME
155,2024-06-12,8032XD
156,2024-09-12,8042GZ
157,2024-12-12,8017JB
158,2024-12-13,8012EH
159,2024-12-16,8032XX
160,2024-12-17,8032AJ
161,2024-12-19,8032ET
162,2024-12-19,8032EK
163,2024-12-22,8043NX
164,2024-12-23,8031KW
165,2024-12-28,8033AA
166,2024-12-30,8032AL
167,2024-12-30,8033BK
