buurt_naam,woningen,woonruimten_totaal,inwoners_op_1_januari,inwoners_in_de_leeftijd_van_03_jaar,inwoners_in_de_leeftijd_van_411_jaar,inwoners_in_de_leeftijd_van_1217_jaar,inwoners_in_de_leeftijd_van_1824_jaar,inwoners_in_de_leeftijd_van_2539_jaar,inwoners_in_de_leeftijd_van_4054_jaar,inwoners_in_de_leeftijd_van_5564_jaar,inwoners_in_de_leeftijd_van_6574_jaar,inwoners_in_de_leeftijd_van_7584_jaar,inwoners_in_de_leeftijd_van_85_jaar_en_ouder,inwoners_in_de_leeftijd_van_017_jaar,inwoners_in_de_leeftijd_van_1864_jaar,inwoners_in_de_leeftijd_van_65_jaar_en_ouder,gemiddeld_gestandaardiseerd_inkomen_per_huishouden,huishoudens_onder_105_van_sociaal_minimum,year
binnenstad-zuid,1253,1254,2046,47.0,72.0,41.0,427.0,813.0,316.0,160.0,115.0,48.0,7.0,160,1716,170,29200.0,12,2015
binnenstad-noord,548,551,801,13.0,9.0,8.0,154.0,358.0,114.0,62.0,65.0,16.0,2.0,30,688,83,26500.0,10,2015
noordereiland,316,337,556,21.0,21.0,20.0,49.0,145.0,93.0,93.0,77.0,23.0,14.0,62,380,114,31800.0,10,2015
het noorden,902,906,1363,53.0,47.0,24.0,378.0,430.0,172.0,80.0,83.0,77.0,19.0,124,1060,179,22300.0,16,2015
schildersbuurt,174,174,391,21.0,30.0,20.0,46.0,100.0,80.0,38.0,37.0,18.0,1.0,71,264,56,24500.0,18,2015
bollebieste,856,856,1684,77.0,139.0,89.0,147.0,439.0,312.0,161.0,154.0,108.0,58.0,305,1059,320,19800.0,22,2015
dieze-centrum,558,560,1013,39.0,49.0,40.0,201.0,307.0,164.0,102.0,63.0,40.0,8.0,128,774,111,22900.0,13,2015
bagijneweide,398,409,744,23.0,25.0,28.0,125.0,168.0,136.0,82.0,76.0,50.0,31.0,76,511,157,28800.0,11,2015
hogenkamp,1896,1905,3065,156.0,189.0,83.0,351.0,1180.0,476.0,188.0,165.0,142.0,135.0,428,2195,442,21100.0,18,2015
indischebuurt,579,579,1079,65.0,81.0,46.0,182.0,318.0,186.0,86.0,75.0,26.0,14.0,192,772,115,18900.0,24,2015
meppelerstraatweg-zuid,264,264,376,23.0,14.0,6.0,47.0,170.0,73.0,25.0,10.0,5.0,3.0,43,315,18,18600.0,20,2015
bedrijventerrein floresstraat,185,186,417,59.0,40.0,12.0,15.0,162.0,77.0,23.0,16.0,13.0,0.0,111,277,29,29400.0,5,2015
wipstrik-noord,1292,1295,3061,175.0,355.0,229.0,202.0,624.0,658.0,378.0,246.0,141.0,53.0,759,1862,440,35000.0,3,2015
wipstrik-zuid,1848,1852,3404,173.0,239.0,162.0,284.0,828.0,667.0,382.0,343.0,220.0,106.0,574,2161,669,24300.0,12,2015
stationsbuurt,563,569,1423,70.0,115.0,68.0,326.0,349.0,220.0,116.0,87.0,41.0,31.0,253,1011,159,32700.0,10,2015
oud-assendorp,1973,1975,4190,226.0,256.0,133.0,938.0,1378.0,691.0,235.0,152.0,91.0,90.0,615,3242,333,25800.0,9,2015
nieuw-assendorp,1405,1405,3171,229.0,332.0,169.0,427.0,818.0,621.0,274.0,179.0,95.0,27.0,730,2140,301,25400.0,9,2015
wezenlanden,340,378,617,18.0,39.0,27.0,32.0,105.0,111.0,100.0,113.0,48.0,24.0,84,348,185,23300.0,17,2015
pierik,1100,1110,2161,114.0,208.0,114.0,150.0,601.0,460.0,248.0,189.0,61.0,16.0,436,1459,266,23000.0,14,2015
bedrijventerrein marslanden-noord,0,14,36,1.0,2.0,9.0,2.0,3.0,14.0,5.0,0.0,0.0,0.0,12,24,0,,.,2015
hanzeland,522,522,1021,37.0,51.0,49.0,124.0,226.0,230.0,131.0,108.0,46.0,19.0,137,711,173,32100.0,4,2015
kamperpoort,735,735,1338,40.0,48.0,34.0,266.0,353.0,158.0,94.0,101.0,113.0,131.0,122,871,345,20300.0,20,2015
veerallee,539,539,1450,69.0,160.0,116.0,225.0,226.0,311.0,156.0,97.0,64.0,26.0,345,918,187,34100.0,5,2015
bedrijventerrein voorst-a,44,44,60,1.0,0.0,0.0,12.0,35.0,10.0,2.0,0.0,0.0,0.0,1,59,0,,.,2015
bedrijventerrein voorst-b,0,0,0,0.0,0.0,0.0,0.0,0.0,0.0,0.0,0.0,0.0,0.0,0,0,0,,-,2015
spoolde,116,116,309,6.0,36.0,25.0,21.0,25.0,79.0,58.0,47.0,11.0,1.0,67,183,59,32700.0,0,2015
oud-westenholte,929,935,2327,129.0,270.0,197.0,153.0,436.0,462.0,273.0,199.0,161.0,47.0,596,1324,407,25900.0,7,2015
westenholte-stins,1101,1106,2784,122.0,295.0,250.0,204.0,468.0,639.0,477.0,253.0,66.0,10.0,667,1788,329,26900.0,5,2015
vreugderijk,65,65,191,3.0,13.0,19.0,22.0,18.0,40.0,37.0,28.0,10.0,1.0,35,117,39,,.,2015
bedrijventerrein voorst-c,1,2,6,0.0,0.0,0.0,4.0,0.0,0.0,1.0,1.0,0.0,0.0,0,5,1,,-,2015
bedrijventerrein voorst-d,1,1,6,0.0,0.0,1.0,1.0,0.0,2.0,0.0,0.0,2.0,0.0,1,3,2,,-,2015
frankhuis,1985,2033,5999,424.0,1214.0,572.0,254.0,1392.0,1596.0,311.0,134.0,81.0,21.0,2210,3553,236,29000.0,6,2015
mastenbroek,20,20,59,1.0,6.0,6.0,7.0,10.0,15.0,12.0,1.0,1.0,0.0,13,44,2,,.,2015
schoonhorst,1860,1860,4487,266.0,573.0,374.0,300.0,1032.0,1123.0,370.0,277.0,141.0,31.0,1213,2825,449,28100.0,7,2015
werkeren,1337,1349,4240,524.0,789.0,276.0,133.0,1296.0,771.0,133.0,101.0,129.0,88.0,1589,2333,318,29900.0,4,2015
milligen,2740,2743,7081,407.0,1073.0,595.0,368.0,1484.0,1864.0,562.0,483.0,196.0,49.0,2075,4278,728,29400.0,4,2015
de tippe,0,0,0,0.0,0.0,0.0,0.0,0.0,0.0,0.0,0.0,0.0,0.0,0,0,0,,-,2015
breecamp,338,338,880,113.0,132.0,62.0,62.0,387.0,97.0,20.0,6.0,1.0,0.0,307,566,7,26100.0,9,2015
breezicht,4,4,11,0.0,0.0,2.0,1.0,0.0,6.0,1.0,0.0,1.0,0.0,2,8,1,,-,2015
stadsbroek,19,19,54,0.0,3.0,9.0,9.0,0.0,16.0,9.0,7.0,1.0,0.0,12,34,8,,.,2015
holtenbroek iv,1624,1624,3117,120.0,218.0,142.0,284.0,623.0,517.0,329.0,362.0,319.0,203.0,480,1753,884,20300.0,20,2015
holtenbroek i,855,856,1825,142.0,211.0,97.0,152.0,636.0,320.0,130.0,105.0,21.0,11.0,450,1238,137,26000.0,9,2015
holtenbroek ii,1244,1248,2576,182.0,299.0,148.0,307.0,825.0,469.0,151.0,126.0,62.0,7.0,629,1752,195,20900.0,18,2015
holtenbroek iii,1077,1082,2420,145.0,250.0,137.0,260.0,654.0,490.0,248.0,138.0,87.0,11.0,532,1652,236,20800.0,17,2015
aa-landen-zuid,1045,1045,2253,103.0,176.0,168.0,194.0,349.0,472.0,240.0,290.0,214.0,47.0,447,1255,551,22900.0,12,2015
aa-landen-midden,1987,1987,3694,139.0,274.0,167.0,200.0,677.0,681.0,440.0,460.0,423.0,233.0,580,1998,1116,23900.0,12,2015
aa-landen-noord,1592,1596,3784,176.0,349.0,260.0,240.0,499.0,749.0,591.0,631.0,249.0,40.0,785,2079,920,28300.0,5,2015
aa-landen-oost,1425,1430,3275,142.0,273.0,219.0,196.0,530.0,640.0,558.0,527.0,170.0,20.0,634,1924,717,27600.0,6,2015
brinkhoek,263,263,605,10.0,33.0,53.0,28.0,46.0,121.0,104.0,129.0,65.0,16.0,96,299,210,50300.0,4,2015
langenholte,41,41,110,1.0,6.0,19.0,9.0,6.0,33.0,20.0,13.0,3.0,0.0,26,68,16,,.,2015
haerst,104,106,296,7.0,18.0,33.0,31.0,33.0,71.0,49.0,36.0,14.0,4.0,58,184,54,35200.0,9,2015
berkum,1657,1674,3709,128.0,310.0,280.0,195.0,401.0,751.0,505.0,506.0,420.0,213.0,718,1852,1139,31100.0,5,2015
bedrijventerrein de vrolijkheid,9,12,9,0.0,0.0,1.0,1.0,1.0,5.0,1.0,0.0,0.0,0.0,1,8,0,,-,2015
veldhoek,97,97,238,9.0,15.0,26.0,18.0,26.0,40.0,39.0,32.0,29.0,4.0,50,123,65,,.,2015
kantorenterrein oosterenk,10,10,13,0.0,0.0,0.0,3.0,3.0,1.0,2.0,2.0,2.0,0.0,0,9,4,,.,2015
bedrijventerrein hessenpoort,29,29,73,2.0,6.0,12.0,4.0,7.0,15.0,12.0,6.0,9.0,0.0,20,38,15,,.,2015
tolhuislanden,52,52,184,11.0,15.0,24.0,31.0,27.0,36.0,18.0,18.0,4.0,0.0,50,112,22,,.,2015
herfte,134,134,383,11.0,34.0,53.0,29.0,35.0,77.0,75.0,37.0,22.0,10.0,98,216,69,34400.0,0,2015
bedrijventerrein marslanden-zuid,7,7,138,1.0,10.0,4.0,19.0,43.0,48.0,10.0,1.0,2.0,0.0,15,120,3,,.,2015
wijthmen,243,244,621,36.0,46.0,45.0,50.0,99.0,123.0,89.0,72.0,50.0,11.0,127,361,133,28500.0,4,2015
oud-schelle,436,436,1188,53.0,139.0,114.0,87.0,149.0,312.0,141.0,119.0,48.0,26.0,306,689,193,32300.0,2,2015
schellerhoek,366,369,1036,37.0,114.0,106.0,101.0,121.0,327.0,164.0,57.0,8.0,1.0,257,713,66,34500.0,0,2015
schellerbroek,691,691,1511,47.0,82.0,106.0,168.0,253.0,329.0,277.0,150.0,77.0,22.0,235,1027,249,31400.0,5,2015
schellerlanden,1187,1195,2821,114.0,197.0,229.0,232.0,321.0,658.0,568.0,326.0,141.0,35.0,540,1779,502,29600.0,6,2015
oldenelerlanden-oost,1005,1005,2496,140.0,244.0,202.0,199.0,446.0,639.0,411.0,141.0,55.0,19.0,586,1695,215,28100.0,5,2015
oldenelerlanden-west,556,556,1482,65.0,135.0,151.0,147.0,182.0,409.0,295.0,74.0,20.0,4.0,351,1033,98,32900.0,7,2015
oldenelerbroek,1438,1443,3420,111.0,346.0,351.0,240.0,536.0,940.0,489.0,253.0,128.0,26.0,808,2205,407,29000.0,7,2015
schelle-zuid en oldeneel,68,68,193,7.0,25.0,17.0,14.0,15.0,39.0,31.0,29.0,13.0,3.0,49,99,45,,.,2015
katerveer-engelse werk,196,201,589,17.0,76.0,71.0,22.0,60.0,156.0,65.0,59.0,24.0,39.0,164,303,122,44000.0,0,2015
oud-ittersum,519,519,1292,52.0,115.0,119.0,89.0,205.0,300.0,151.0,132.0,106.0,23.0,286,745,261,28300.0,2,2015
ittersumerlanden,1868,1868,3916,220.0,355.0,238.0,232.0,851.0,802.0,523.0,296.0,260.0,139.0,813,2408,695,23600.0,11,2015
ittersumerbroek,980,1005,2471,86.0,220.0,273.0,204.0,318.0,703.0,354.0,184.0,102.0,27.0,579,1579,313,29300.0,6,2015
geren,450,453,830,26.0,45.0,57.0,140.0,215.0,193.0,90.0,44.0,18.0,2.0,128,638,64,21400.0,19,2015
gerenlanden,1205,1205,3217,155.0,361.0,312.0,265.0,507.0,789.0,489.0,257.0,66.0,16.0,828,2050,339,29000.0,4,2015
gerenbroek,1191,1191,3218,162.0,414.0,279.0,217.0,563.0,804.0,527.0,209.0,36.0,7.0,855,2111,252,29000.0,3,2015
oude mars,14,14,75,2.0,13.0,4.0,2.0,8.0,27.0,18.0,1.0,0.0,0.0,19,55,1,,.,2015
windesheim,154,154,401,29.0,34.0,36.0,31.0,72.0,87.0,54.0,42.0,11.0,5.0,99,244,58,28100.0,6,2015
harculo en hoog-zuthem,136,136,476,13.0,31.0,29.0,29.0,25.0,95.0,90.0,70.0,56.0,38.0,73,239,164,31300.0,8,2015
binnenstad-zuid,1298,1299,2143,40.0,58.0,49.0,431.0,912.0,305.0,164.0,130.0,46.0,8.0,147,1812,184,30400.0,10,2016
binnenstad-noord,563,565,838,16.0,8.0,12.0,173.0,370.0,116.0,58.0,66.0,17.0,2.0,36,717,85,27800.0,12,2016
noordereiland,321,341,545,16.0,21.0,20.0,48.0,145.0,103.0,80.0,76.0,25.0,11.0,57,376,112,31800.0,11,2016
het noorden,1029,1034,1489,51.0,48.0,22.0,455.0,451.0,190.0,94.0,82.0,72.0,24.0,121,1190,178,21600.0,19,2016
schildersbuurt,175,175,393,24.0,35.0,18.0,40.0,92.0,84.0,39.0,39.0,20.0,2.0,77,255,61,25200.0,14,2016
bollebieste,938,938,1738,60.0,150.0,88.0,193.0,451.0,316.0,165.0,146.0,107.0,62.0,298,1125,315,20800.0,21,2016
dieze-centrum,548,550,1003,41.0,55.0,33.0,204.0,297.0,161.0,101.0,62.0,41.0,8.0,129,763,111,23700.0,13,2016
bagijneweide,401,413,759,23.0,20.0,29.0,135.0,166.0,133.0,80.0,73.0,69.0,31.0,72,514,173,31200.0,7,2016
hogenkamp,1911,1920,3011,139.0,187.0,100.0,299.0,1175.0,474.0,194.0,161.0,151.0,131.0,426,2142,443,22000.0,18,2016
indischebuurt,578,578,1056,51.0,83.0,37.0,169.0,329.0,181.0,90.0,70.0,31.0,15.0,171,769,116,19600.0,24,2016
meppelerstraatweg-zuid,264,264,374,16.0,14.0,6.0,47.0,182.0,67.0,26.0,11.0,4.0,1.0,36,322,16,19700.0,18,2016
bedrijventerrein floresstraat,185,186,431,59.0,53.0,11.0,14.0,158.0,80.0,25.0,17.0,14.0,0.0,123,277,31,29400.0,3,2016
wipstrik-noord,1296,1299,3078,178.0,357.0,229.0,222.0,618.0,654.0,370.0,260.0,141.0,49.0,764,1864,450,35700.0,3,2016
wipstrik-zuid,1850,1854,3393,153.0,222.0,178.0,263.0,866.0,662.0,379.0,343.0,220.0,107.0,553,2170,670,25700.0,12,2016
stationsbuurt,567,573,1406,81.0,107.0,70.0,299.0,348.0,220.0,119.0,90.0,42.0,30.0,258,986,162,31500.0,10,2016
oud-assendorp,1986,1988,4275,229.0,269.0,146.0,949.0,1383.0,717.0,255.0,152.0,94.0,81.0,644,3304,327,26700.0,8,2016
nieuw-assendorp,1408,1408,3181,207.0,354.0,178.0,421.0,796.0,637.0,279.0,190.0,90.0,29.0,739,2133,309,26500.0,9,2016
wezenlanden,341,379,628,20.0,43.0,24.0,28.0,105.0,124.0,99.0,113.0,49.0,23.0,87,356,185,24100.0,15,2016
pierik,1135,1145,2183,112.0,195.0,116.0,159.0,619.0,467.0,249.0,193.0,61.0,12.0,423,1494,266,23300.0,15,2016
bedrijventerrein marslanden-noord,0,14,38,1.0,2.0,9.0,4.0,4.0,13.0,5.0,0.0,0.0,0.0,12,26,0,,-,2016
hanzeland,522,522,1018,33.0,63.0,54.0,126.0,219.0,215.0,123.0,110.0,53.0,22.0,150,683,185,32100.0,5,2016
kamperpoort,746,746,1428,41.0,50.0,42.0,277.0,392.0,175.0,111.0,101.0,110.0,129.0,133,955,340,21100.0,21,2016
veerallee,543,543,1484,70.0,166.0,119.0,232.0,237.0,311.0,152.0,101.0,68.0,28.0,355,932,197,34500.0,5,2016
bedrijventerrein voorst-a,43,43,59,0.0,0.0,0.0,12.0,34.0,11.0,2.0,0.0,0.0,0.0,0,59,0,,-,2016
bedrijventerrein voorst-b,0,0,0,0.0,0.0,0.0,0.0,0.0,0.0,0.0,0.0,0.0,0.0,0,0,0,,-,2016
spoolde,116,116,299,5.0,32.0,27.0,19.0,22.0,79.0,51.0,51.0,11.0,2.0,64,171,64,33300.0,4,2016
oud-westenholte,968,974,2401,126.0,274.0,204.0,167.0,465.0,452.0,301.0,200.0,157.0,55.0,604,1385,412,27300.0,7,2016
westenholte-stins,1101,1106,2743,128.0,284.0,243.0,188.0,466.0,611.0,474.0,272.0,68.0,9.0,655,1739,349,27800.0,7,2016
vreugderijk,65,65,182,2.0,14.0,19.0,20.0,12.0,38.0,39.0,27.0,11.0,0.0,35,109,38,,-,2016
bedrijventerrein voorst-c,1,2,6,0.0,0.0,0.0,3.0,1.0,0.0,1.0,1.0,0.0,0.0,0,5,1,,-,2016
bedrijventerrein voorst-d,1,1,5,0.0,0.0,0.0,2.0,0.0,2.0,0.0,0.0,1.0,0.0,0,4,1,,-,2016
frankhuis,2061,2108,6146,385.0,1189.0,652.0,297.0,1359.0,1684.0,333.0,144.0,79.0,24.0,2226,3673,247,30200.0,5,2016
mastenbroek,20,20,63,2.0,8.0,6.0,8.0,9.0,16.0,11.0,2.0,1.0,0.0,16,44,3,,-,2016
schoonhorst,1864,1864,4462,260.0,546.0,380.0,314.0,991.0,1136.0,381.0,279.0,146.0,29.0,1186,2822,454,29200.0,6,2016
werkeren,1359,1381,4399,511.0,843.0,316.0,148.0,1252.0,864.0,130.0,113.0,124.0,98.0,1670,2394,335,32300.0,5,2016
milligen,2806,2809,7200,401.0,1024.0,661.0,413.0,1426.0,1897.0,590.0,525.0,207.0,56.0,2086,4326,788,30500.0,5,2016
de tippe,0,0,0,0.0,0.0,0.0,0.0,0.0,0.0,0.0,0.0,0.0,0.0,0,0,0,,-,2016
breecamp,361,361,1018,125.0,164.0,75.0,57.0,425.0,145.0,21.0,5.0,1.0,0.0,364,648,6,28200.0,11,2016
breezicht,4,4,10,0.0,0.0,2.0,0.0,0.0,6.0,1.0,0.0,1.0,0.0,2,7,1,,-,2016
stadsbroek,19,19,54,0.0,3.0,8.0,7.0,3.0,15.0,8.0,9.0,1.0,0.0,11,33,10,,-,2016
holtenbroek iv,1623,1623,3110,121.0,223.0,137.0,285.0,602.0,522.0,337.0,364.0,323.0,196.0,481,1746,883,20900.0,21,2016
holtenbroek i,891,892,1872,150.0,203.0,107.0,150.0,648.0,328.0,136.0,106.0,33.0,11.0,460,1262,150,27200.0,7,2016
holtenbroek ii,1244,1248,2574,168.0,296.0,157.0,308.0,810.0,478.0,161.0,128.0,61.0,7.0,621,1757,196,21700.0,19,2016
holtenbroek iii,1078,1083,2413,117.0,263.0,155.0,248.0,643.0,494.0,244.0,147.0,88.0,14.0,535,1629,249,21900.0,18,2016
aa-landen-zuid,1047,1047,2260,100.0,177.0,176.0,187.0,360.0,483.0,239.0,277.0,213.0,48.0,453,1269,538,23500.0,13,2016
aa-landen-midden,1987,1987,3711,128.0,268.0,184.0,214.0,699.0,674.0,427.0,448.0,427.0,242.0,580,2014,1117,24700.0,13,2016
aa-landen-noord,1593,1597,3791,166.0,354.0,276.0,250.0,476.0,754.0,570.0,636.0,258.0,51.0,796,2050,945,29100.0,5,2016
aa-landen-oost,1432,1437,3301,157.0,297.0,223.0,192.0,521.0,628.0,524.0,552.0,179.0,28.0,677,1865,759,28000.0,6,2016
brinkhoek,265,265,597,9.0,31.0,47.0,26.0,53.0,123.0,95.0,136.0,63.0,14.0,87,297,213,56000.0,2,2016
langenholte,42,42,116,4.0,5.0,20.0,7.0,8.0,32.0,23.0,13.0,4.0,0.0,29,70,17,,-,2016
haerst,108,109,281,10.0,14.0,29.0,31.0,28.0,62.0,56.0,34.0,14.0,3.0,53,177,51,38200.0,10,2016
berkum,1656,1672,3721,136.0,313.0,280.0,204.0,425.0,735.0,489.0,503.0,429.0,207.0,729,1853,1139,31900.0,5,2016
bedrijventerrein de vrolijkheid,9,12,7,0.0,0.0,1.0,0.0,0.0,5.0,1.0,0.0,0.0,0.0,1,6,0,,-,2016
veldhoek,98,98,243,9.0,14.0,26.0,17.0,31.0,39.0,41.0,30.0,30.0,6.0,49,128,66,,-,2016
kantorenterrein oosterenk,10,10,14,0.0,0.0,4.0,2.0,1.0,1.0,1.0,3.0,2.0,0.0,4,5,5,,-,2016
bedrijventerrein hessenpoort,29,29,72,2.0,7.0,12.0,4.0,5.0,17.0,13.0,4.0,8.0,0.0,21,39,12,,-,2016
tolhuislanden,53,53,179,8.0,17.0,22.0,30.0,26.0,34.0,20.0,18.0,4.0,0.0,47,110,22,,-,2016
herfte,138,138,392,14.0,33.0,56.0,29.0,38.0,74.0,77.0,38.0,25.0,8.0,103,218,71,36700.0,0,2016
bedrijventerrein marslanden-zuid,9,9,156,0.0,8.0,5.0,11.0,63.0,55.0,10.0,2.0,2.0,0.0,13,139,4,,-,2016
wijthmen,242,243,626,35.0,51.0,44.0,54.0,89.0,128.0,95.0,72.0,48.0,10.0,130,366,130,30600.0,4,2016
oud-schelle,484,484,1297,74.0,168.0,113.0,92.0,193.0,319.0,154.0,117.0,49.0,18.0,355,758,184,38400.0,1,2016
schellerhoek,368,371,1024,35.0,110.0,98.0,104.0,125.0,299.0,185.0,59.0,7.0,2.0,243,713,68,36500.0,0,2016
schellerbroek,694,694,1495,41.0,87.0,98.0,172.0,249.0,313.0,276.0,158.0,71.0,30.0,226,1010,259,32300.0,6,2016
schellerlanden,1192,1200,2784,100.0,198.0,216.0,218.0,328.0,607.0,599.0,339.0,146.0,33.0,514,1752,518,31100.0,6,2016
oldenelerlanden-oost,1005,1005,2469,133.0,237.0,197.0,190.0,434.0,611.0,429.0,167.0,52.0,19.0,567,1664,238,28900.0,6,2016
oldenelerlanden-west,556,556,1463,59.0,137.0,136.0,140.0,190.0,374.0,313.0,86.0,24.0,4.0,332,1017,114,34400.0,6,2016
oldenelerbroek,1438,1443,3388,100.0,333.0,341.0,238.0,533.0,899.0,517.0,267.0,129.0,31.0,774,2187,427,29900.0,7,2016
schelle-zuid en oldeneel,70,70,189,3.0,25.0,19.0,11.0,12.0,37.0,33.0,31.0,15.0,3.0,47,93,49,,-,2016
katerveer-engelse werk,197,202,606,19.0,73.0,66.0,28.0,60.0,159.0,67.0,63.0,26.0,45.0,158,314,134,46300.0,3,2016
oud-ittersum,521,521,1309,67.0,113.0,119.0,89.0,215.0,284.0,159.0,139.0,98.0,26.0,299,747,263,28900.0,4,2016
ittersumerlanden,1869,1869,3872,199.0,349.0,230.0,253.0,827.0,786.0,537.0,299.0,240.0,152.0,778,2403,691,24900.0,11,2016
ittersumerbroek,981,1006,2450,89.0,206.0,264.0,205.0,318.0,665.0,383.0,191.0,102.0,27.0,559,1571,320,30500.0,6,2016
geren,450,453,827,24.0,44.0,52.0,132.0,221.0,194.0,93.0,44.0,20.0,3.0,120,640,67,22500.0,17,2016
gerenlanden,1205,1205,3207,162.0,340.0,306.0,258.0,524.0,769.0,497.0,264.0,70.0,17.0,808,2048,351,30100.0,4,2016
gerenbroek,1192,1192,3198,157.0,395.0,286.0,213.0,562.0,762.0,545.0,232.0,40.0,6.0,838,2082,278,30300.0,4,2016
oude mars,14,14,72,1.0,13.0,4.0,2.0,5.0,27.0,17.0,3.0,0.0,0.0,18,51,3,,-,2016
windesheim,153,153,386,25.0,32.0,31.0,36.0,67.0,79.0,54.0,42.0,15.0,5.0,88,236,62,29400.0,3,2016
harculo en hoog-zuthem,136,136,480,12.0,35.0,35.0,20.0,34.0,102.0,94.0,66.0,50.0,32.0,82,250,148,34400.0,4,2016
binnenstad-zuid,1327,1328,2175,38.0,68.0,51.0,417.0,920.0,314.0,169.0,139.0,46.0,13.0,157,1820,198,32400.0,9,2017
binnenstad-noord,559,562,830,14.0,8.0,3.0,160.0,381.0,120.0,55.0,68.0,19.0,2.0,25,716,89,29500.0,11,2017
noordereiland,353,373,582,12.0,22.0,18.0,49.0,140.0,118.0,93.0,96.0,26.0,8.0,52,400,130,34400.0,8,2017
het noorden,1029,1034,1498,45.0,45.0,23.0,460.0,453.0,195.0,98.0,78.0,79.0,22.0,113,1206,179,21900.0,21,2017
schildersbuurt,175,175,362,14.0,32.0,16.0,39.0,76.0,83.0,42.0,36.0,22.0,2.0,62,240,60,26700.0,12,2017
bollebieste,940,940,1734,60.0,149.0,84.0,173.0,477.0,320.0,166.0,133.0,113.0,59.0,293,1136,305,21600.0,19,2017
dieze-centrum,549,550,958,22.0,44.0,35.0,199.0,292.0,159.0,97.0,67.0,34.0,9.0,101,747,110,24300.0,12,2017
bagijneweide,421,434,806,21.0,29.0,26.0,151.0,179.0,134.0,81.0,83.0,68.0,34.0,76,545,185,31500.0,5,2017
hogenkamp,1912,1921,3121,155.0,206.0,120.0,328.0,1169.0,491.0,213.0,156.0,153.0,130.0,481,2201,439,22600.0,16,2017
indischebuurt,578,578,1050,51.0,85.0,49.0,139.0,335.0,183.0,93.0,71.0,31.0,13.0,185,750,115,19600.0,25,2017
meppelerstraatweg-zuid,264,264,368,14.0,17.0,8.0,33.0,188.0,68.0,25.0,11.0,3.0,1.0,39,314,15,19900.0,16,2017
bedrijventerrein floresstraat,185,186,440,49.0,70.0,13.0,11.0,150.0,90.0,27.0,17.0,13.0,0.0,132,278,30,32600.0,3,2017
wipstrik-noord,1296,1299,3091,190.0,350.0,223.0,223.0,638.0,646.0,363.0,282.0,123.0,53.0,763,1870,458,36300.0,2,2017
wipstrik-zuid,1857,1861,3405,145.0,225.0,170.0,277.0,873.0,640.0,390.0,362.0,220.0,103.0,540,2180,685,26500.0,13,2017
stationsbuurt,563,569,1391,75.0,105.0,75.0,292.0,341.0,233.0,107.0,86.0,45.0,32.0,255,973,163,32500.0,11,2017
oud-assendorp,2095,2097,4166,205.0,253.0,145.0,922.0,1333.0,709.0,286.0,154.0,83.0,76.0,603,3250,313,27300.0,7,2017
nieuw-assendorp,1408,1408,3172,202.0,336.0,182.0,439.0,787.0,632.0,279.0,198.0,89.0,28.0,720,2137,315,27000.0,9,2017
wezenlanden,340,381,631,16.0,47.0,29.0,31.0,105.0,128.0,103.0,107.0,42.0,23.0,92,367,172,24600.0,16,2017
pierik,1135,1146,2185,106.0,195.0,123.0,135.0,619.0,472.0,258.0,198.0,64.0,15.0,424,1484,277,24000.0,14,2017
bedrijventerrein marslanden-noord,0,13,32,0.0,2.0,7.0,4.0,2.0,12.0,5.0,0.0,0.0,0.0,9,23,0,,-,2017
hanzeland,522,522,999,26.0,50.0,62.0,133.0,214.0,207.0,116.0,116.0,56.0,19.0,138,670,191,32300.0,4,2017
kamperpoort,750,750,1380,39.0,56.0,50.0,239.0,366.0,175.0,118.0,114.0,96.0,127.0,145,898,337,22000.0,20,2017
veerallee,598,598,1610,85.0,176.0,144.0,234.0,291.0,337.0,148.0,110.0,62.0,23.0,405,1010,195,38500.0,5,2017
bedrijventerrein voorst-a,43,43,61,1.0,1.0,0.0,13.0,33.0,10.0,3.0,0.0,0.0,0.0,2,59,0,,-,2017
bedrijventerrein voorst-b,0,0,8,0.0,0.0,0.0,3.0,4.0,1.0,0.0,0.0,0.0,0.0,0,8,0,,-,2017
spoolde,115,115,296,6.0,27.0,29.0,18.0,19.0,77.0,52.0,52.0,14.0,2.0,62,166,68,34400.0,4,2017
oud-westenholte,975,981,2451,126.0,285.0,204.0,180.0,456.0,468.0,303.0,218.0,158.0,53.0,615,1407,429,28600.0,6,2017
westenholte-stins,1101,1106,2728,119.0,291.0,233.0,206.0,444.0,591.0,462.0,297.0,75.0,10.0,643,1703,382,27900.0,6,2017
vreugderijk,65,65,183,3.0,18.0,18.0,19.0,11.0,38.0,40.0,24.0,12.0,0.0,39,108,36,,-,2017
bedrijventerrein voorst-c,1,2,6,0.0,0.0,0.0,3.0,1.0,0.0,1.0,1.0,0.0,0.0,0,5,1,,-,2017
bedrijventerrein voorst-d,1,1,5,0.0,0.0,0.0,2.0,0.0,2.0,0.0,0.0,1.0,0.0,0,4,1,,-,2017
frankhuis,2163,2210,6393,409.0,1116.0,713.0,328.0,1430.0,1782.0,344.0,165.0,84.0,22.0,2238,3884,271,31300.0,5,2017
mastenbroek,19,19,63,1.0,7.0,7.0,7.0,9.0,15.0,10.0,6.0,1.0,0.0,15,41,7,,-,2017
schoonhorst,1864,1864,4397,232.0,550.0,372.0,309.0,944.0,1120.0,411.0,276.0,150.0,33.0,1154,2784,459,30100.0,6,2017
werkeren,1407,1430,4542,445.0,943.0,348.0,147.0,1261.0,926.0,140.0,117.0,111.0,104.0,1736,2474,332,32900.0,4,2017
milligen,2811,2814,7189,387.0,956.0,732.0,408.0,1375.0,1877.0,619.0,561.0,213.0,61.0,2075,4279,835,30700.0,4,2017
de tippe,0,0,0,0.0,0.0,0.0,0.0,0.0,0.0,0.0,0.0,0.0,0.0,0,0,0,,-,2017
breecamp,453,453,1273,153.0,209.0,92.0,68.0,523.0,188.0,32.0,8.0,0.0,0.0,454,811,8,30100.0,7,2017
breezicht,4,4,10,0.0,0.0,2.0,0.0,0.0,6.0,1.0,0.0,1.0,0.0,2,7,1,,-,2017
stadsbroek,20,20,61,0.0,4.0,9.0,10.0,3.0,13.0,11.0,10.0,1.0,0.0,13,37,11,,-,2017
holtenbroek iv,1624,1624,3108,109.0,217.0,157.0,303.0,583.0,532.0,346.0,364.0,323.0,174.0,483,1764,861,21100.0,22,2017
holtenbroek i,890,891,1888,141.0,210.0,119.0,143.0,631.0,335.0,144.0,112.0,40.0,13.0,470,1253,165,27800.0,8,2017
holtenbroek ii,1318,1322,2647,157.0,292.0,166.0,311.0,848.0,504.0,163.0,132.0,66.0,8.0,615,1826,206,21900.0,19,2017
holtenbroek iii,1078,1083,2354,102.0,260.0,164.0,226.0,592.0,502.0,252.0,148.0,93.0,15.0,526,1572,256,22100.0,17,2017
aa-landen-zuid,1048,1048,2210,98.0,170.0,158.0,171.0,350.0,499.0,242.0,263.0,209.0,50.0,426,1262,522,24000.0,12,2017
aa-landen-midden,1987,1987,3721,123.0,289.0,190.0,203.0,695.0,651.0,444.0,444.0,432.0,250.0,602,1993,1126,24900.0,13,2017
aa-landen-noord,1593,1597,3838,162.0,388.0,272.0,256.0,506.0,743.0,528.0,644.0,277.0,62.0,822,2033,983,29500.0,5,2017
aa-landen-oost,1432,1437,3289,162.0,310.0,213.0,188.0,520.0,603.0,512.0,571.0,184.0,26.0,685,1823,781,28800.0,6,2017
brinkhoek,265,265,611,14.0,37.0,48.0,34.0,49.0,120.0,92.0,135.0,66.0,16.0,99,295,217,65000.0,2,2017
langenholte,43,43,110,4.0,4.0,16.0,8.0,9.0,28.0,23.0,13.0,4.0,1.0,24,68,18,,-,2017
haerst,107,108,268,6.0,10.0,30.0,24.0,32.0,56.0,57.0,35.0,11.0,7.0,46,169,53,36500.0,5,2017
berkum,1656,1673,3736,163.0,311.0,265.0,217.0,458.0,703.0,492.0,485.0,436.0,206.0,739,1870,1127,33100.0,5,2017
bedrijventerrein de vrolijkheid,9,11,5,0.0,0.0,1.0,0.0,0.0,3.0,1.0,0.0,0.0,0.0,1,4,0,,-,2017
veldhoek,99,99,244,5.0,12.0,32.0,21.0,27.0,43.0,42.0,32.0,24.0,6.0,49,133,62,,-,2017
kantorenterrein oosterenk,5,5,20,0.0,0.0,6.0,3.0,3.0,1.0,1.0,4.0,2.0,0.0,6,8,6,,-,2017
bedrijventerrein hessenpoort,29,29,73,3.0,6.0,8.0,5.0,9.0,16.0,14.0,3.0,8.0,1.0,17,44,12,,-,2017
tolhuislanden,54,54,180,9.0,18.0,17.0,29.0,29.0,35.0,21.0,15.0,7.0,0.0,44,114,22,,-,2017
herfte,139,139,388,14.0,31.0,53.0,33.0,34.0,75.0,75.0,42.0,25.0,6.0,98,217,73,39500.0,0,2017
bedrijventerrein marslanden-zuid,9,9,152,0.0,7.0,6.0,10.0,60.0,54.0,13.0,0.0,2.0,0.0,13,137,2,,-,2017
wijthmen,248,249,622,32.0,55.0,38.0,55.0,89.0,118.0,106.0,68.0,50.0,11.0,125,368,129,30500.0,2,2017
oud-schelle,484,484,1377,80.0,191.0,125.0,97.0,202.0,335.0,156.0,118.0,52.0,21.0,396,790,191,36900.0,1,2017
schellerhoek,368,371,1007,35.0,93.0,95.0,103.0,129.0,281.0,193.0,68.0,8.0,2.0,223,706,78,36900.0,1,2017
schellerbroek,694,694,1482,42.0,92.0,94.0,153.0,260.0,301.0,281.0,155.0,79.0,25.0,228,995,259,32800.0,6,2017
schellerlanden,1192,1200,2753,98.0,211.0,193.0,205.0,337.0,553.0,600.0,368.0,154.0,34.0,502,1695,556,31600.0,6,2017
oldenelerlanden-oost,1005,1005,2436,129.0,235.0,193.0,180.0,446.0,564.0,433.0,181.0,55.0,20.0,557,1623,256,29200.0,5,2017
oldenelerlanden-west,556,556,1458,57.0,146.0,127.0,124.0,204.0,351.0,321.0,98.0,26.0,4.0,330,1000,128,37400.0,5,2017
oldenelerbroek,1441,1446,3369,99.0,316.0,315.0,255.0,515.0,892.0,520.0,284.0,144.0,29.0,730,2182,457,30600.0,7,2017
schelle-zuid en oldeneel,69,69,179,1.0,18.0,19.0,16.0,7.0,33.0,34.0,31.0,17.0,3.0,38,90,51,,-,2017
katerveer-engelse werk,199,204,591,18.0,70.0,67.0,31.0,53.0,156.0,75.0,61.0,29.0,31.0,155,315,121,50400.0,3,2017
oud-ittersum,521,521,1308,70.0,118.0,113.0,96.0,204.0,281.0,162.0,134.0,100.0,30.0,301,743,264,30100.0,3,2017
ittersumerlanden,1868,1868,3865,180.0,357.0,222.0,261.0,828.0,762.0,543.0,322.0,223.0,167.0,759,2394,712,25000.0,11,2017
ittersumerbroek,981,1006,2430,91.0,196.0,244.0,216.0,318.0,624.0,417.0,196.0,103.0,25.0,531,1575,324,30600.0,6,2017
geren,450,453,810,22.0,46.0,47.0,117.0,228.0,183.0,102.0,40.0,23.0,2.0,115,630,65,22800.0,15,2017
gerenlanden,1205,1205,3183,158.0,341.0,292.0,266.0,521.0,731.0,497.0,288.0,70.0,19.0,791,2015,377,30500.0,4,2017
gerenbroek,1192,1192,3167,148.0,381.0,304.0,200.0,537.0,728.0,573.0,247.0,44.0,5.0,833,2038,296,30700.0,4,2017
oude mars,18,18,92,2.0,17.0,8.0,5.0,4.0,34.0,19.0,3.0,0.0,0.0,27,62,3,,-,2017
windesheim,153,153,398,26.0,47.0,22.0,31.0,74.0,83.0,54.0,43.0,14.0,4.0,95,242,61,30600.0,3,2017
harculo en hoog-zuthem,139,139,500,7.0,41.0,38.0,22.0,37.0,98.0,100.0,75.0,45.0,37.0,86,257,157,,4,2017
binnenstad-zuid,1381,1382,2242,40.0,59.0,66.0,462.0,926.0,326.0,156.0,140.0,55.0,12.0,165,1870,207,30400.0,10,2018
binnenstad-noord,571,574,848,14.0,11.0,11.0,148.0,394.0,126.0,55.0,67.0,19.0,3.0,36,723,89,28600.0,10,2018
noordereiland,348,365,590,12.0,18.0,20.0,50.0,139.0,126.0,93.0,98.0,25.0,9.0,50,408,132,36100.0,9,2018
het noorden,1030,1035,1478,45.0,41.0,19.0,433.0,479.0,191.0,98.0,72.0,78.0,22.0,105,1201,172,22000.0,23,2018
schildersbuurt,175,175,368,13.0,31.0,16.0,44.0,81.0,81.0,44.0,33.0,23.0,2.0,60,250,58,26200.0,12,2018
bollebieste,941,941,1741,77.0,125.0,89.0,183.0,475.0,320.0,162.0,132.0,118.0,60.0,291,1140,310,22100.0,19,2018
dieze-centrum,559,561,983,35.0,43.0,43.0,179.0,324.0,161.0,93.0,63.0,34.0,8.0,121,757,105,25000.0,13,2018
bagijneweide,430,442,793,16.0,29.0,28.0,155.0,173.0,134.0,76.0,81.0,71.0,30.0,73,538,182,32400.0,6,2018
hogenkamp,1951,1960,3247,162.0,210.0,123.0,360.0,1209.0,507.0,233.0,165.0,149.0,129.0,495,2309,443,23000.0,16,2018
indischebuurt,581,581,1029,46.0,88.0,51.0,125.0,334.0,184.0,87.0,70.0,33.0,11.0,185,730,114,20400.0,26,2018
meppelerstraatweg-zuid,264,264,367,14.0,16.0,5.0,23.0,211.0,59.0,23.0,11.0,4.0,1.0,35,316,16,20500.0,21,2018
bedrijventerrein floresstraat,185,186,436,41.0,77.0,15.0,13.0,137.0,92.0,28.0,16.0,17.0,0.0,133,270,33,29400.0,3,2018
wipstrik-noord,1297,1300,3080,184.0,348.0,222.0,207.0,652.0,651.0,356.0,281.0,126.0,53.0,754,1866,460,36900.0,2,2018
wipstrik-zuid,1854,1858,3436,138.0,234.0,155.0,291.0,884.0,635.0,393.0,384.0,221.0,101.0,527,2203,706,26700.0,12,2018
stationsbuurt,573,579,1365,55.0,102.0,68.0,285.0,343.0,216.0,121.0,93.0,45.0,37.0,225,965,175,33900.0,9,2018
oud-assendorp,2107,2109,4083,181.0,263.0,144.0,878.0,1323.0,728.0,288.0,155.0,87.0,36.0,588,3217,278,27500.0,8,2018
nieuw-assendorp,1408,1408,3084,179.0,325.0,192.0,424.0,749.0,622.0,277.0,204.0,87.0,25.0,696,2072,316,27500.0,9,2018
wezenlanden,390,431,700,16.0,53.0,29.0,32.0,122.0,138.0,116.0,121.0,48.0,25.0,98,408,194,24800.0,16,2018
pierik,1134,1144,2132,105.0,176.0,115.0,123.0,615.0,459.0,254.0,207.0,68.0,10.0,396,1451,285,24400.0,13,2018
bedrijventerrein marslanden-noord,0,13,32,0.0,2.0,5.0,5.0,1.0,11.0,7.0,1.0,0.0,0.0,7,24,1,,-,2018
hanzeland,522,522,991,24.0,51.0,50.0,126.0,213.0,214.0,114.0,119.0,63.0,17.0,125,667,199,31900.0,5,2018
kamperpoort,810,810,1468,39.0,69.0,54.0,251.0,426.0,176.0,111.0,122.0,97.0,123.0,162,964,342,22900.0,21,2018
veerallee,627,627,1718,100.0,204.0,141.0,227.0,346.0,344.0,163.0,111.0,61.0,21.0,445,1080,193,36300.0,4,2018
bedrijventerrein voorst-a,43,43,60,1.0,1.0,0.0,12.0,32.0,10.0,4.0,0.0,0.0,0.0,2,58,0,,-,2018
bedrijventerrein voorst-b,0,0,0,0.0,0.0,0.0,0.0,0.0,0.0,0.0,0.0,0.0,0.0,0,0,0,,-,2018
spoolde,117,117,313,8.0,27.0,34.0,18.0,24.0,77.0,49.0,57.0,16.0,3.0,69,168,76,35900.0,4,2018
oud-westenholte,1007,1013,2510,129.0,287.0,213.0,212.0,444.0,479.0,308.0,219.0,159.0,60.0,629,1443,438,29100.0,7,2018
westenholte-stins,1101,1106,2703,118.0,281.0,241.0,198.0,433.0,577.0,438.0,322.0,85.0,10.0,640,1646,417,28400.0,6,2018
vreugderijk,65,65,185,1.0,18.0,22.0,18.0,13.0,40.0,40.0,24.0,9.0,0.0,41,111,33,,-,2018
bedrijventerrein voorst-c,1,2,5,0.0,0.0,0.0,3.0,0.0,0.0,1.0,1.0,0.0,0.0,0,4,1,,-,2018
bedrijventerrein voorst-d,1,1,6,0.0,0.0,0.0,2.0,1.0,2.0,0.0,0.0,1.0,0.0,0,5,1,,-,2018
frankhuis,2223,2270,6509,415.0,1066.0,751.0,361.0,1430.0,1812.0,380.0,186.0,88.0,20.0,2232,3983,294,31800.0,5,2018
mastenbroek,19,19,58,1.0,7.0,5.0,6.0,5.0,17.0,10.0,7.0,0.0,0.0,13,38,7,,-,2018
schoonhorst,1863,1863,4369,210.0,527.0,372.0,335.0,900.0,1119.0,431.0,280.0,163.0,32.0,1109,2785,475,30100.0,6,2018
werkeren,1440,1463,4716,440.0,979.0,404.0,163.0,1221.0,1037.0,139.0,128.0,113.0,92.0,1823,2560,333,33300.0,4,2018
milligen,2811,2814,7111,342.0,895.0,746.0,444.0,1280.0,1900.0,618.0,592.0,235.0,59.0,1983,4242,886,31500.0,4,2018
de tippe,0,0,0,0.0,0.0,0.0,0.0,0.0,0.0,0.0,0.0,0.0,0.0,0,0,0,,-,2018
breecamp,491,491,1474,169.0,257.0,118.0,79.0,572.0,238.0,34.0,7.0,0.0,0.0,544,923,7,31100.0,7,2018
breezicht,4,4,9,0.0,0.0,1.0,1.0,0.0,4.0,2.0,0.0,1.0,0.0,1,7,1,,-,2018
stadsbroek,20,20,51,0.0,0.0,7.0,9.0,3.0,11.0,9.0,11.0,1.0,0.0,7,32,12,,-,2018
holtenbroek iv,1620,1620,3123,106.0,234.0,152.0,306.0,599.0,518.0,345.0,371.0,324.0,168.0,492,1768,863,21500.0,22,2018
holtenbroek i,890,891,1864,140.0,199.0,125.0,140.0,586.0,349.0,155.0,122.0,38.0,10.0,464,1230,170,28500.0,8,2018
holtenbroek ii,1333,1337,2671,138.0,298.0,188.0,308.0,835.0,506.0,183.0,136.0,69.0,10.0,624,1832,215,22600.0,19,2018
holtenbroek iii,1078,1083,2324,94.0,261.0,154.0,218.0,588.0,469.0,278.0,158.0,84.0,20.0,509,1553,262,22800.0,19,2018
aa-landen-zuid,1046,1046,2211,95.0,171.0,163.0,177.0,361.0,472.0,261.0,265.0,198.0,48.0,429,1271,511,24900.0,12,2018
aa-landen-midden,2042,2042,3779,122.0,286.0,195.0,210.0,720.0,637.0,461.0,443.0,440.0,265.0,603,2028,1148,25000.0,13,2018
aa-landen-noord,1593,1597,3849,154.0,401.0,286.0,261.0,529.0,706.0,532.0,622.0,304.0,54.0,841,2028,980,29400.0,5,2018
aa-landen-oost,1432,1437,3311,157.0,323.0,218.0,187.0,507.0,611.0,489.0,591.0,195.0,33.0,698,1794,819,29100.0,6,2018
brinkhoek,261,261,610,17.0,32.0,48.0,39.0,46.0,111.0,105.0,126.0,67.0,19.0,97,301,212,67000.0,2,2018
langenholte,43,43,111,4.0,6.0,12.0,13.0,8.0,24.0,27.0,10.0,6.0,1.0,22,72,17,,-,2018
haerst,108,109,280,8.0,15.0,28.0,22.0,42.0,54.0,56.0,39.0,10.0,6.0,51,174,55,36900.0,5,2018
berkum,1656,1672,3760,160.0,319.0,286.0,211.0,475.0,707.0,481.0,481.0,414.0,226.0,765,1874,1121,32800.0,5,2018
bedrijventerrein de vrolijkheid,9,12,7,0.0,0.0,0.0,1.0,0.0,5.0,1.0,0.0,0.0,0.0,0,7,0,,-,2018
veldhoek,100,100,230,5.0,9.0,27.0,21.0,23.0,47.0,39.0,32.0,23.0,4.0,41,130,59,,-,2018
kantorenterrein oosterenk,5,5,14,0.0,0.0,5.0,1.0,0.0,1.0,1.0,4.0,2.0,0.0,5,3,6,,-,2018
bedrijventerrein hessenpoort,28,28,70,2.0,7.0,6.0,6.0,7.0,15.0,15.0,3.0,8.0,1.0,15,43,12,,-,2018
tolhuislanden,55,55,177,10.0,16.0,17.0,28.0,29.0,29.0,25.0,14.0,9.0,0.0,43,111,23,,-,2018
herfte,141,141,399,11.0,31.0,50.0,44.0,40.0,69.0,82.0,41.0,23.0,8.0,92,235,72,40600.0,4,2018
bedrijventerrein marslanden-zuid,9,9,166,0.0,7.0,6.0,13.0,59.0,66.0,12.0,1.0,2.0,0.0,13,150,3,,-,2018
wijthmen,246,247,629,28.0,59.0,47.0,54.0,86.0,120.0,108.0,64.0,50.0,13.0,134,368,127,31800.0,2,2018
oud-schelle,486,486,1365,59.0,181.0,141.0,107.0,195.0,324.0,167.0,121.0,50.0,20.0,381,793,191,38000.0,1,2018
schellerhoek,370,373,991,35.0,92.0,90.0,91.0,124.0,271.0,204.0,71.0,12.0,1.0,217,690,84,36800.0,0,2018
schellerbroek,694,694,1477,49.0,97.0,77.0,160.0,259.0,275.0,285.0,166.0,81.0,28.0,223,979,275,31200.0,8,2018
schellerlanden,1193,1201,2692,88.0,219.0,169.0,204.0,328.0,501.0,590.0,407.0,146.0,40.0,476,1623,593,31300.0,6,2018
oldenelerlanden-oost,1005,1005,2437,125.0,240.0,189.0,185.0,458.0,525.0,443.0,195.0,61.0,16.0,554,1611,272,29500.0,5,2018
oldenelerlanden-west,556,556,1453,53.0,148.0,113.0,126.0,206.0,336.0,324.0,116.0,28.0,3.0,314,992,147,35800.0,5,2018
oldenelerbroek,1455,1460,3357,103.0,306.0,295.0,275.0,501.0,856.0,546.0,311.0,134.0,30.0,704,2178,475,31200.0,6,2018
schelle-zuid en oldeneel,66,66,177,0.0,18.0,18.0,18.0,6.0,35.0,33.0,27.0,20.0,2.0,36,92,49,,-,2018
katerveer-engelse werk,199,204,632,16.0,70.0,68.0,37.0,53.0,151.0,79.0,63.0,39.0,56.0,154,320,158,55800.0,0,2018
oud-ittersum,520,520,1315,65.0,125.0,101.0,104.0,197.0,288.0,170.0,128.0,101.0,36.0,291,759,265,30300.0,4,2018
ittersumerlanden,1868,1868,3847,181.0,330.0,223.0,259.0,828.0,735.0,533.0,371.0,224.0,163.0,734,2355,758,25300.0,11,2018
ittersumerbroek,981,1005,2387,90.0,188.0,231.0,207.0,307.0,602.0,421.0,204.0,108.0,29.0,509,1537,341,30400.0,8,2018
geren,450,453,805,20.0,45.0,45.0,124.0,218.0,182.0,99.0,45.0,25.0,2.0,110,623,72,22900.0,17,2018
gerenlanden,1205,1205,3117,136.0,320.0,299.0,257.0,495.0,722.0,474.0,321.0,76.0,17.0,755,1948,414,30900.0,5,2018
gerenbroek,1192,1192,3157,146.0,372.0,300.0,199.0,530.0,711.0,580.0,265.0,49.0,5.0,818,2020,319,31300.0,3,2018
oude mars,22,22,101,0.0,20.0,13.0,2.0,5.0,37.0,22.0,2.0,0.0,0.0,33,66,2,,-,2018
windesheim,154,154,404,23.0,49.0,22.0,32.0,77.0,80.0,62.0,41.0,15.0,3.0,94,251,59,31300.0,3,2018
harculo en hoog-zuthem,139,139,511,11.0,38.0,44.0,28.0,32.0,98.0,100.0,76.0,44.0,40.0,93,258,160,40600.0,7,2018
binnenstad-zuid,1464,1465,2296,33.0,60.0,74.0,458.0,977.0,317.0,168.0,143.0,51.0,15.0,167,1920,209,36300.0,9,2019
binnenstad-noord,577,580,847,13.0,15.0,12.0,148.0,396.0,123.0,56.0,64.0,16.0,4.0,40,723,84,30000.0,9,2019
noordereiland,407,426,704,14.0,22.0,27.0,67.0,175.0,154.0,101.0,105.0,29.0,10.0,63,497,144,41500.0,8,2019
het noorden,1050,1054,1451,43.0,48.0,19.0,400.0,484.0,194.0,89.0,77.0,74.0,23.0,110,1167,174,23100.0,21,2019
schildersbuurt,174,174,357,12.0,24.0,19.0,48.0,75.0,75.0,43.0,35.0,25.0,1.0,55,241,61,27600.0,11,2019
bollebieste,976,976,1724,60.0,118.0,89.0,188.0,466.0,304.0,169.0,150.0,118.0,62.0,267,1127,330,22600.0,20,2019
dieze-centrum,577,579,958,24.0,45.0,37.0,169.0,334.0,151.0,97.0,61.0,32.0,8.0,106,751,101,26000.0,12,2019
bagijneweide,454,466,831,19.0,28.0,27.0,152.0,203.0,126.0,88.0,87.0,74.0,27.0,74,569,188,35500.0,5,2019
hogenkamp,1967,1975,3128,164.0,208.0,133.0,281.0,1161.0,514.0,227.0,163.0,152.0,125.0,505,2183,440,24400.0,15,2019
indischebuurt,581,581,1044,45.0,94.0,53.0,129.0,327.0,194.0,84.0,76.0,33.0,9.0,192,734,118,20900.0,24,2019
meppelerstraatweg-zuid,264,264,365,15.0,18.0,5.0,23.0,202.0,62.0,24.0,11.0,4.0,1.0,38,311,16,20800.0,20,2019
bedrijventerrein floresstraat,185,186,438,37.0,74.0,18.0,16.0,131.0,98.0,31.0,18.0,15.0,0.0,129,276,33,32400.0,3,2019
wipstrik-noord,1301,1304,3072,172.0,331.0,207.0,244.0,648.0,651.0,349.0,291.0,134.0,45.0,710,1892,470,40200.0,2,2019
wipstrik-zuid,1852,1856,3374,133.0,224.0,156.0,266.0,878.0,604.0,411.0,399.0,221.0,82.0,513,2159,702,28200.0,11,2019
stationsbuurt,572,578,1352,54.0,101.0,63.0,288.0,347.0,214.0,116.0,91.0,42.0,36.0,218,965,169,37900.0,7,2019
oud-assendorp,2117,2119,4103,172.0,262.0,144.0,888.0,1287.0,733.0,320.0,166.0,93.0,38.0,578,3228,297,29200.0,7,2019
nieuw-assendorp,1411,1411,3057,179.0,325.0,189.0,420.0,720.0,621.0,286.0,204.0,92.0,21.0,693,2047,317,28800.0,8,2019
wezenlanden,463,501,903,27.0,62.0,58.0,68.0,159.0,183.0,134.0,131.0,57.0,24.0,147,544,212,28600.0,14,2019
pierik,1135,1145,2110,101.0,161.0,121.0,147.0,583.0,466.0,234.0,211.0,76.0,10.0,383,1430,297,25400.0,14,2019
bedrijventerrein marslanden-noord,0,14,38,0.0,4.0,4.0,6.0,4.0,12.0,6.0,2.0,0.0,0.0,8,28,2,,-,2019
hanzeland,635,635,1142,24.0,47.0,42.0,184.0,304.0,213.0,125.0,119.0,70.0,14.0,113,826,203,33000.0,6,2019
kamperpoort,936,936,1668,38.0,72.0,66.0,289.0,509.0,184.0,158.0,132.0,104.0,116.0,176,1140,352,24100.0,18,2019
veerallee,662,662,1822,107.0,218.0,151.0,234.0,372.0,374.0,166.0,117.0,60.0,23.0,476,1146,200,40000.0,4,2019
bedrijventerrein voorst-a,42,42,51,0.0,0.0,0.0,6.0,30.0,10.0,5.0,0.0,0.0,0.0,0,51,0,,-,2019
bedrijventerrein voorst-b,0,0,0,0.0,0.0,0.0,0.0,0.0,0.0,0.0,0.0,0.0,0.0,0,0,0,,-,2019
spoolde,117,117,316,10.0,30.0,33.0,17.0,25.0,74.0,46.0,60.0,17.0,4.0,73,162,81,36400.0,4,2019
oud-westenholte,1011,1017,2506,127.0,295.0,198.0,198.0,433.0,496.0,311.0,225.0,169.0,54.0,620,1438,448,30400.0,7,2019
westenholte-stins,1101,1105,2678,105.0,277.0,231.0,204.0,427.0,561.0,432.0,334.0,98.0,9.0,613,1624,441,30000.0,6,2019
vreugderijk,63,63,184,1.0,14.0,21.0,23.0,11.0,38.0,41.0,24.0,11.0,0.0,36,113,35,,-,2019
bedrijventerrein voorst-c,1,2,4,0.0,0.0,0.0,2.0,0.0,0.0,1.0,1.0,0.0,0.0,0,3,1,,-,2019
bedrijventerrein voorst-d,1,1,4,0.0,0.0,0.0,1.0,0.0,2.0,0.0,0.0,1.0,0.0,0,3,1,,-,2019
frankhuis,2274,2321,6564,411.0,1014.0,748.0,405.0,1423.0,1828.0,421.0,203.0,90.0,21.0,2173,4077,314,33600.0,4,2019
mastenbroek,19,19,60,2.0,5.0,7.0,5.0,6.0,14.0,12.0,9.0,0.0,0.0,14,37,9,,-,2019
schoonhorst,1866,1866,4309,208.0,449.0,384.0,351.0,893.0,1078.0,463.0,279.0,170.0,34.0,1041,2785,483,31800.0,6,2019
werkeren,1565,1588,4987,424.0,1028.0,465.0,184.0,1239.0,1131.0,172.0,134.0,113.0,97.0,1917,2726,344,35700.0,4,2019
milligen,2817,2820,7094,332.0,836.0,759.0,465.0,1258.0,1882.0,632.0,605.0,262.0,63.0,1927,4237,930,33000.0,5,2019
de tippe,0,0,0,0.0,0.0,0.0,0.0,0.0,0.0,0.0,0.0,0.0,0.0,0,0,0,,-,2019
breecamp,594,594,1809,190.0,335.0,152.0,105.0,643.0,338.0,37.0,9.0,0.0,0.0,677,1123,9,32500.0,5,2019
breezicht,4,4,9,0.0,0.0,1.0,1.0,0.0,3.0,3.0,0.0,1.0,0.0,1,7,1,,-,2019
stadsbroek,20,20,51,0.0,0.0,6.0,9.0,4.0,12.0,8.0,10.0,2.0,0.0,6,33,12,,-,2019
holtenbroek iv,1662,1662,3174,105.0,226.0,185.0,334.0,589.0,518.0,342.0,401.0,310.0,164.0,516,1783,875,22800.0,20,2019
holtenbroek i,905,906,1890,127.0,224.0,122.0,144.0,564.0,375.0,161.0,124.0,40.0,9.0,473,1244,173,29900.0,8,2019
holtenbroek ii,1377,1380,2710,128.0,298.0,170.0,286.0,897.0,541.0,171.0,139.0,67.0,13.0,596,1895,219,23600.0,18,2019
holtenbroek iii,1078,1083,2300,91.0,243.0,165.0,211.0,584.0,463.0,282.0,162.0,81.0,18.0,499,1540,261,24100.0,18,2019
aa-landen-zuid,1047,1047,2226,90.0,178.0,153.0,169.0,374.0,481.0,277.0,251.0,204.0,49.0,421,1301,504,25900.0,12,2019
aa-landen-midden,2066,2066,3855,132.0,296.0,210.0,202.0,713.0,666.0,447.0,471.0,466.0,252.0,638,2028,1189,26200.0,12,2019
aa-landen-noord,1594,1598,3905,148.0,424.0,297.0,265.0,530.0,733.0,512.0,614.0,321.0,61.0,869,2040,996,32100.0,5,2019
aa-landen-oost,1450,1455,3358,161.0,328.0,217.0,185.0,519.0,618.0,492.0,583.0,223.0,32.0,706,1814,838,29900.0,7,2019
brinkhoek,263,263,633,15.0,38.0,54.0,46.0,48.0,112.0,114.0,117.0,73.0,16.0,107,320,206,74800.0,2,2019
langenholte,43,43,122,4.0,9.0,9.0,22.0,11.0,21.0,30.0,9.0,6.0,1.0,22,84,16,,-,2019
haerst,108,109,279,4.0,17.0,25.0,23.0,39.0,60.0,56.0,42.0,7.0,6.0,46,178,55,59800.0,5,2019
berkum,1655,1671,3723,162.0,303.0,274.0,221.0,489.0,692.0,477.0,478.0,401.0,226.0,739,1879,1105,34900.0,5,2019
bedrijventerrein de vrolijkheid,1,4,8,0.0,0.0,2.0,0.0,0.0,6.0,0.0,0.0,0.0,0.0,2,6,0,,-,2019
veldhoek,102,102,250,5.0,14.0,29.0,19.0,28.0,55.0,39.0,33.0,23.0,5.0,48,141,61,53800.0,0,2019
kantorenterrein oosterenk,74,74,131,0.0,0.0,7.0,56.0,51.0,7.0,3.0,5.0,2.0,0.0,7,117,7,,-,2019
bedrijventerrein hessenpoort,28,28,72,1.0,6.0,6.0,9.0,11.0,15.0,14.0,2.0,7.0,1.0,13,49,10,,-,2019
tolhuislanden,55,55,170,7.0,19.0,16.0,23.0,29.0,30.0,27.0,11.0,8.0,0.0,42,109,19,,-,2019
herfte,139,139,399,11.0,30.0,44.0,55.0,35.0,68.0,83.0,42.0,24.0,7.0,85,241,73,41800.0,4,2019
bedrijventerrein marslanden-zuid,9,9,162,0.0,4.0,8.0,7.0,67.0,57.0,14.0,2.0,3.0,0.0,12,145,5,,-,2019
wijthmen,245,246,619,23.0,57.0,43.0,53.0,87.0,121.0,110.0,60.0,55.0,10.0,123,371,125,33800.0,2,2019
oud-schelle,486,486,1400,61.0,189.0,149.0,111.0,194.0,331.0,174.0,110.0,60.0,21.0,399,810,191,41100.0,1,2019
schellerhoek,370,373,995,42.0,95.0,78.0,96.0,128.0,253.0,209.0,78.0,14.0,2.0,215,686,94,38600.0,1,2019
schellerbroek,695,695,1489,50.0,107.0,77.0,153.0,262.0,268.0,281.0,174.0,87.0,30.0,234,964,291,33000.0,7,2019
schellerlanden,1193,1201,2652,79.0,222.0,150.0,185.0,323.0,489.0,577.0,428.0,152.0,47.0,451,1574,627,32600.0,6,2019
oldenelerlanden-oost,1005,1005,2387,118.0,247.0,179.0,155.0,463.0,501.0,424.0,227.0,62.0,11.0,544,1543,300,30900.0,6,2019
oldenelerlanden-west,568,568,1482,57.0,150.0,119.0,127.0,218.0,325.0,324.0,127.0,31.0,4.0,326,994,162,37400.0,4,2019
oldenelerbroek,1454,1459,3319,110.0,282.0,293.0,265.0,493.0,813.0,555.0,329.0,143.0,36.0,685,2126,508,32600.0,5,2019
schelle-zuid en oldeneel,66,66,176,0.0,15.0,22.0,17.0,3.0,34.0,36.0,27.0,19.0,3.0,37,90,49,,-,2019
katerveer-engelse werk,199,204,645,12.0,77.0,68.0,44.0,50.0,159.0,74.0,67.0,42.0,52.0,157,327,161,58800.0,3,2019
oud-ittersum,520,520,1324,73.0,130.0,96.0,105.0,208.0,287.0,166.0,131.0,90.0,38.0,299,766,259,32400.0,2,2019
ittersumerlanden,1869,1869,3817,177.0,318.0,215.0,265.0,803.0,716.0,537.0,386.0,227.0,173.0,710,2321,786,26300.0,12,2019
ittersumerbroek,981,1006,2354,90.0,183.0,203.0,212.0,313.0,558.0,431.0,230.0,104.0,30.0,476,1514,364,32000.0,7,2019
geren,450,453,799,17.0,39.0,55.0,118.0,221.0,174.0,103.0,44.0,25.0,3.0,111,616,72,24400.0,18,2019
gerenlanden,1205,1205,3093,130.0,333.0,279.0,260.0,490.0,692.0,477.0,333.0,85.0,14.0,742,1919,432,33700.0,4,2019
gerenbroek,1192,1192,3126,129.0,351.0,291.0,214.0,542.0,671.0,573.0,293.0,57.0,5.0,771,2000,355,32300.0,3,2019
oude mars,25,25,125,1.0,23.0,16.0,5.0,4.0,41.0,30.0,5.0,0.0,0.0,40,80,5,,-,2019
windesheim,154,154,406,20.0,54.0,22.0,28.0,79.0,82.0,58.0,39.0,21.0,3.0,96,247,63,31300.0,3,2019
harculo en hoog-zuthem,139,139,502,11.0,36.0,43.0,23.0,34.0,95.0,98.0,77.0,49.0,36.0,90,250,162,41700.0,7,2019
binnenstad-zuid,1503,1504,2323,30.0,65.0,75.0,490.0,965.0,319.0,166.0,141.0,59.0,13.0,170,1940,213,35300.0,9,2020
binnenstad-noord,592,595,856,13.0,15.0,16.0,168.0,397.0,113.0,51.0,60.0,19.0,4.0,44,729,83,30700.0,11,2020
noordereiland,465,484,783,19.0,13.0,30.0,69.0,209.0,161.0,120.0,120.0,32.0,10.0,62,559,162,42000.0,7,2020
het noorden,1128,1132,1577,53.0,46.0,21.0,404.0,564.0,216.0,97.0,79.0,72.0,25.0,120,1281,176,24900.0,20,2020
schildersbuurt,174,174,360,9.0,28.0,17.0,54.0,69.0,76.0,49.0,30.0,26.0,2.0,54,248,58,28700.0,12,2020
bollebieste,975,975,1689,58.0,106.0,79.0,189.0,482.0,287.0,172.0,132.0,120.0,64.0,243,1130,316,24800.0,21,2020
dieze-centrum,601,603,995,29.0,42.0,39.0,191.0,355.0,143.0,94.0,64.0,30.0,8.0,110,783,102,26500.0,12,2020
bagijneweide,454,466,837,24.0,27.0,25.0,156.0,204.0,126.0,84.0,85.0,78.0,28.0,76,570,191,35500.0,6,2020
hogenkamp,1929,1938,3232,157.0,208.0,149.0,296.0,1170.0,536.0,246.0,183.0,155.0,132.0,514,2248,470,25700.0,14,2020
indischebuurt,592,592,1039,41.0,93.0,60.0,124.0,322.0,202.0,82.0,76.0,32.0,7.0,194,730,115,22200.0,26,2020
meppelerstraatweg-zuid,264,264,379,23.0,19.0,2.0,33.0,205.0,58.0,21.0,13.0,4.0,1.0,44,317,18,20000.0,20,2020
bedrijventerrein floresstraat,185,186,434,26.0,78.0,22.0,18.0,113.0,109.0,33.0,19.0,14.0,2.0,126,273,35,33700.0,5,2020
wipstrik-noord,1301,1304,3076,174.0,343.0,215.0,232.0,643.0,641.0,350.0,296.0,140.0,42.0,732,1866,478,40800.0,2,2020
wipstrik-zuid,1852,1856,3332,138.0,207.0,145.0,236.0,879.0,618.0,382.0,413.0,221.0,93.0,490,2115,727,29200.0,12,2020
stationsbuurt,573,579,1357,51.0,94.0,66.0,274.0,356.0,220.0,123.0,90.0,50.0,33.0,211,973,173,36600.0,7,2020
oud-assendorp,2113,2115,4110,171.0,274.0,131.0,835.0,1325.0,721.0,341.0,183.0,92.0,37.0,576,3222,312,30200.0,8,2020
nieuw-assendorp,1418,1418,3055,168.0,323.0,194.0,431.0,694.0,627.0,292.0,215.0,89.0,22.0,685,2044,326,30200.0,8,2020
wezenlanden,516,556,1035,32.0,84.0,59.0,77.0,205.0,219.0,145.0,134.0,58.0,22.0,175,646,214,32800.0,11,2020
pierik,1164,1174,2141,102.0,149.0,128.0,153.0,606.0,458.0,244.0,209.0,81.0,11.0,379,1461,301,26600.0,13,2020
bedrijventerrein marslanden-noord,0,14,37,0.0,4.0,3.0,7.0,2.0,11.0,8.0,2.0,0.0,0.0,7,28,2,,-,2020
hanzeland,636,636,1131,26.0,44.0,47.0,161.0,329.0,184.0,127.0,122.0,76.0,15.0,117,801,213,34500.0,4,2020
kamperpoort,1044,1044,1809,51.0,78.0,58.0,297.0,597.0,200.0,170.0,142.0,108.0,108.0,187,1264,358,25500.0,17,2020
veerallee,672,672,1870,98.0,233.0,153.0,259.0,362.0,389.0,173.0,126.0,49.0,28.0,484,1183,203,41300.0,3,2020
bedrijventerrein voorst-a,42,43,54,0.0,0.0,0.0,7.0,33.0,9.0,5.0,0.0,0.0,0.0,0,54,0,,-,2020
bedrijventerrein voorst-b,0,0,0,0.0,0.0,0.0,0.0,0.0,0.0,0.0,0.0,0.0,0.0,0,0,0,,-,2020
spoolde,117,117,318,9.0,32.0,31.0,19.0,28.0,74.0,45.0,56.0,21.0,3.0,72,166,80,39600.0,0,2020
oud-westenholte,1019,1025,2533,128.0,281.0,215.0,212.0,410.0,518.0,299.0,231.0,173.0,66.0,624,1439,470,30800.0,7,2020
westenholte-stins,1102,1107,2654,96.0,252.0,231.0,208.0,415.0,552.0,427.0,357.0,105.0,11.0,579,1602,473,31000.0,6,2020
vreugderijk,65,65,182,1.0,16.0,22.0,15.0,13.0,40.0,40.0,19.0,16.0,0.0,39,108,35,,-,2020
bedrijventerrein voorst-c,1,1,5,0.0,0.0,0.0,3.0,1.0,0.0,1.0,0.0,0.0,0.0,0,5,0,,-,2020
bedrijventerrein voorst-d,1,1,4,0.0,0.0,0.0,1.0,0.0,2.0,0.0,0.0,0.0,1.0,0,3,1,,-,2020
frankhuis,2297,2344,6644,422.0,957.0,756.0,451.0,1403.0,1841.0,466.0,230.0,92.0,26.0,2135,4161,348,35100.0,4,2020
mastenbroek,19,19,57,1.0,6.0,5.0,7.0,6.0,12.0,13.0,7.0,0.0,0.0,12,38,7,,-,2020
schoonhorst,1867,1867,4306,208.0,430.0,364.0,339.0,902.0,1069.0,466.0,304.0,181.0,43.0,1002,2776,528,33000.0,5,2020
werkeren,1653,1676,5292,408.0,1074.0,543.0,219.0,1222.0,1276.0,183.0,156.0,104.0,107.0,2025,2900,367,37300.0,3,2020
milligen,2817,2820,7002,305.0,800.0,728.0,488.0,1184.0,1857.0,670.0,611.0,294.0,65.0,1833,4199,970,33900.0,4,2020
de tippe,0,0,0,0.0,0.0,0.0,0.0,0.0,0.0,0.0,0.0,0.0,0.0,0,0,0,,-,2020
breecamp,721,721,2245,225.0,433.0,217.0,112.0,746.0,440.0,60.0,12.0,0.0,0.0,875,1358,12,34100.0,6,2020
breezicht,4,4,9,0.0,0.0,0.0,2.0,0.0,3.0,3.0,0.0,1.0,0.0,0,8,1,,-,2020
stadsbroek,20,20,55,2.0,1.0,5.0,10.0,4.0,13.0,8.0,8.0,4.0,0.0,8,35,12,,-,2020
holtenbroek iv,1662,1662,3108,87.0,214.0,188.0,317.0,587.0,505.0,345.0,391.0,315.0,159.0,489,1754,865,23400.0,21,2020
holtenbroek i,892,893,1896,114.0,222.0,136.0,148.0,526.0,398.0,164.0,130.0,50.0,8.0,472,1236,188,30700.0,7,2020
holtenbroek ii,1379,1382,2675,134.0,265.0,167.0,282.0,879.0,535.0,190.0,137.0,70.0,16.0,566,1886,223,24500.0,19,2020
holtenbroek iii,1078,1083,2284,104.0,227.0,167.0,219.0,566.0,463.0,273.0,165.0,83.0,17.0,498,1521,265,24600.0,19,2020
aa-landen-zuid,1047,1047,2195,88.0,165.0,152.0,158.0,380.0,453.0,296.0,248.0,204.0,51.0,405,1287,503,27200.0,12,2020
aa-landen-midden,2066,2066,3904,148.0,312.0,221.0,199.0,723.0,663.0,443.0,488.0,442.0,265.0,681,2028,1195,27100.0,13,2020
aa-landen-noord,1593,1597,3865,143.0,416.0,289.0,291.0,505.0,721.0,495.0,613.0,329.0,63.0,848,2012,1005,31900.0,5,2020
aa-landen-oost,1450,1455,3364,137.0,337.0,219.0,200.0,508.0,612.0,503.0,559.0,251.0,38.0,693,1823,848,30800.0,7,2020
brinkhoek,265,265,639,23.0,41.0,52.0,42.0,48.0,115.0,105.0,115.0,79.0,19.0,116,310,213,62800.0,2,2020
langenholte,44,44,123,5.0,9.0,7.0,20.0,10.0,22.0,33.0,11.0,6.0,0.0,21,85,17,,-,2020
haerst,108,108,282,7.0,19.0,17.0,24.0,44.0,57.0,58.0,42.0,7.0,7.0,43,183,56,36300.0,8,2020
berkum,1656,1671,3761,160.0,313.0,279.0,235.0,497.0,689.0,474.0,485.0,402.0,227.0,752,1895,1114,35400.0,5,2020
bedrijventerrein de vrolijkheid,1,4,8,0.0,0.0,2.0,0.0,0.0,6.0,0.0,0.0,0.0,0.0,2,6,0,,-,2020
veldhoek,103,104,266,9.0,17.0,22.0,25.0,35.0,61.0,36.0,32.0,24.0,5.0,48,157,61,60500.0,0,2020
kantorenterrein oosterenk,123,123,175,0.0,0.0,5.0,74.0,60.0,16.0,12.0,6.0,2.0,0.0,5,162,8,21100.0,20,2020
bedrijventerrein hessenpoort,32,32,75,2.0,6.0,4.0,9.0,10.0,17.0,16.0,4.0,5.0,2.0,12,52,11,,-,2020
tolhuislanden,55,55,174,12.0,18.0,13.0,22.0,28.0,32.0,29.0,8.0,12.0,0.0,43,111,20,,-,2020
herfte,139,139,393,13.0,29.0,37.0,55.0,41.0,69.0,78.0,44.0,18.0,9.0,79,243,71,40400.0,3,2020
bedrijventerrein marslanden-zuid,9,9,171,0.0,2.0,10.0,11.0,67.0,61.0,18.0,1.0,1.0,0.0,12,157,2,,-,2020
wijthmen,245,246,604,15.0,55.0,42.0,52.0,90.0,112.0,116.0,54.0,57.0,11.0,112,370,122,33700.0,4,2020
oud-schelle,486,486,1393,47.0,187.0,149.0,119.0,178.0,331.0,177.0,122.0,59.0,24.0,383,805,205,40100.0,1,2020
schellerhoek,370,373,979,37.0,88.0,86.0,91.0,132.0,230.0,219.0,78.0,15.0,3.0,211,672,96,40700.0,1,2020
schellerbroek,695,695,1442,54.0,97.0,80.0,146.0,253.0,250.0,263.0,189.0,79.0,31.0,231,912,299,34200.0,8,2020
schellerlanden,1194,1202,2607,73.0,216.0,148.0,166.0,315.0,459.0,581.0,438.0,163.0,48.0,437,1521,649,33700.0,6,2020
oldenelerlanden-oost,1005,1005,2390,121.0,238.0,189.0,143.0,476.0,468.0,429.0,249.0,64.0,13.0,548,1516,326,32100.0,6,2020
oldenelerlanden-west,568,568,1467,58.0,159.0,102.0,124.0,208.0,314.0,325.0,138.0,36.0,3.0,319,971,177,39400.0,5,2020
oldenelerbroek,1454,1459,3305,106.0,262.0,271.0,282.0,495.0,750.0,593.0,356.0,152.0,38.0,639,2120,546,33400.0,6,2020
schelle-zuid en oldeneel,68,68,174,0.0,8.0,22.0,21.0,3.0,33.0,34.0,27.0,23.0,3.0,30,91,53,,-,2020
katerveer-engelse werk,200,205,647,8.0,68.0,72.0,52.0,43.0,164.0,80.0,56.0,43.0,61.0,148,339,160,68700.0,3,2020
oud-ittersum,576,576,1460,84.0,145.0,106.0,112.0,254.0,306.0,176.0,141.0,89.0,47.0,335,848,277,33800.0,4,2020
ittersumerlanden,1876,1876,3859,184.0,312.0,217.0,253.0,841.0,682.0,546.0,398.0,248.0,178.0,713,2322,824,28300.0,11,2020
ittersumerbroek,981,1006,2329,82.0,179.0,180.0,227.0,324.0,523.0,444.0,236.0,108.0,26.0,441,1518,370,33100.0,7,2020
geren,450,453,808,17.0,39.0,51.0,120.0,229.0,179.0,86.0,55.0,29.0,3.0,107,614,87,26000.0,16,2020
gerenlanden,1208,1208,3061,122.0,336.0,257.0,251.0,528.0,652.0,469.0,341.0,95.0,10.0,715,1900,446,33800.0,4,2020
gerenbroek,1192,1192,3096,137.0,322.0,303.0,206.0,532.0,646.0,554.0,327.0,64.0,5.0,762,1938,396,33500.0,3,2020
oude mars,29,29,129,1.0,23.0,16.0,6.0,3.0,40.0,34.0,6.0,0.0,0.0,40,83,6,,-,2020
windesheim,155,155,393,20.0,53.0,17.0,32.0,74.0,79.0,58.0,37.0,23.0,0.0,90,243,60,33700.0,3,2020
harculo en hoog-zuthem,141,141,515,11.0,31.0,43.0,32.0,31.0,94.0,112.0,78.0,45.0,38.0,85,269,161,39800.0,4,2020
binnenstad-zuid,1526,1527,2338,29.0,56.0,70.0,487.0,977.0,321.0,174.0,145.0,63.0,16.0,155,1959,224,35100.0,8,2021
binnenstad-noord,599,602,838,12.0,10.0,16.0,174.0,380.0,115.0,51.0,59.0,17.0,4.0,38,720,80,32000.0,10,2021
noordereiland,524,541,867,17.0,16.0,33.0,68.0,238.0,175.0,133.0,137.0,43.0,7.0,66,614,187,46700.0,6,2021
het noorden,1245,1251,1642,43.0,41.0,22.0,463.0,578.0,217.0,101.0,82.0,69.0,26.0,106,1359,177,25800.0,19,2021
schildersbuurt,175,175,360,10.0,24.0,18.0,51.0,75.0,74.0,44.0,34.0,28.0,2.0,52,244,64,31200.0,12,2021
bollebieste,976,976,1626,52.0,100.0,72.0,176.0,451.0,284.0,166.0,147.0,115.0,63.0,224,1077,325,26300.0,19,2021
dieze-centrum,604,607,1000,25.0,34.0,40.0,186.0,376.0,137.0,94.0,70.0,31.0,7.0,99,793,108,27600.0,12,2021
bagijneweide,477,489,830,21.0,23.0,24.0,152.0,216.0,125.0,85.0,83.0,70.0,31.0,68,578,184,36700.0,6,2021
hogenkamp,1985,1994,3365,167.0,231.0,170.0,293.0,1224.0,555.0,253.0,202.0,151.0,119.0,568,2325,472,27000.0,14,2021
indischebuurt,593,593,1038,44.0,90.0,53.0,142.0,321.0,185.0,91.0,72.0,31.0,9.0,187,739,112,22900.0,25,2021
meppelerstraatweg-zuid,264,264,372,21.0,19.0,3.0,40.0,185.0,64.0,25.0,12.0,3.0,0.0,43,314,15,22600.0,18,2021
bedrijventerrein floresstraat,185,186,428,26.0,76.0,24.0,13.0,94.0,122.0,37.0,17.0,16.0,3.0,126,266,36,34400.0,6,2021
wipstrik-noord,1301,1304,3095,187.0,335.0,229.0,223.0,651.0,640.0,348.0,300.0,136.0,46.0,751,1862,482,43000.0,2,2021
wipstrik-zuid,1856,1860,3319,125.0,206.0,143.0,226.0,877.0,630.0,373.0,427.0,223.0,89.0,474,2106,739,30500.0,13,2021
stationsbuurt,574,580,1344,55.0,82.0,75.0,260.0,362.0,214.0,121.0,93.0,54.0,28.0,212,957,175,38200.0,7,2021
oud-assendorp,2126,2128,4087,161.0,274.0,136.0,801.0,1318.0,727.0,356.0,188.0,94.0,32.0,571,3202,314,31300.0,7,2021
nieuw-assendorp,1420,1420,3053,165.0,318.0,187.0,409.0,735.0,609.0,295.0,219.0,93.0,23.0,670,2048,335,31800.0,8,2021
wezenlanden,623,663,1233,37.0,111.0,78.0,77.0,283.0,248.0,147.0,166.0,64.0,22.0,226,755,252,33600.0,11,2021
pierik,1164,1174,2135,107.0,139.0,129.0,151.0,613.0,461.0,246.0,189.0,87.0,13.0,375,1471,289,27800.0,13,2021
bedrijventerrein marslanden-noord,0,14,35,0.0,4.0,1.0,8.0,0.0,10.0,10.0,2.0,0.0,0.0,5,28,2,,-,2021
hanzeland,636,636,1130,31.0,35.0,44.0,170.0,320.0,183.0,134.0,117.0,83.0,13.0,110,807,213,36000.0,5,2021
kamperpoort,1310,1310,2160,57.0,76.0,53.0,348.0,789.0,231.0,199.0,177.0,128.0,102.0,186,1567,407,27700.0,15,2021
veerallee,683,683,1905,113.0,240.0,161.0,237.0,355.0,407.0,172.0,139.0,50.0,31.0,514,1171,220,43200.0,3,2021
bedrijventerrein voorst-a,42,42,55,0.0,0.0,0.0,6.0,35.0,9.0,3.0,2.0,0.0,0.0,0,53,2,,-,2021
bedrijventerrein voorst-b,0,0,0,0.0,0.0,0.0,0.0,0.0,0.0,0.0,0.0,0.0,0.0,0,0,0,,-,2021
spoolde,117,117,321,9.0,36.0,30.0,19.0,27.0,79.0,42.0,52.0,23.0,4.0,75,167,79,41800.0,0,2021
oud-westenholte,1032,1038,2524,130.0,258.0,235.0,209.0,391.0,532.0,293.0,243.0,167.0,66.0,623,1425,476,32100.0,7,2021
westenholte-stins,1102,1107,2614,82.0,237.0,222.0,199.0,421.0,539.0,419.0,371.0,114.0,10.0,541,1578,495,32200.0,6,2021
vreugderijk,65,65,181,1.0,16.0,20.0,16.0,14.0,39.0,37.0,21.0,16.0,1.0,37,106,38,,-,2021
bedrijventerrein voorst-c,1,1,4,0.0,0.0,0.0,3.0,1.0,0.0,0.0,0.0,0.0,0.0,0,4,0,,-,2021
bedrijventerrein voorst-d,1,1,4,0.0,0.0,0.0,1.0,1.0,2.0,0.0,0.0,0.0,0.0,0,4,0,,-,2021
frankhuis,2317,2363,6649,426.0,902.0,781.0,465.0,1374.0,1811.0,493.0,275.0,95.0,27.0,2109,4143,397,37000.0,4,2021
mastenbroek,19,19,52,1.0,3.0,5.0,7.0,6.0,8.0,15.0,7.0,0.0,0.0,9,36,7,,-,2021
schoonhorst,1867,1867,4286,205.0,421.0,362.0,337.0,871.0,1064.0,481.0,311.0,185.0,49.0,988,2753,545,34500.0,5,2021
werkeren,1653,1675,5261,356.0,1037.0,586.0,240.0,1125.0,1340.0,212.0,166.0,109.0,90.0,1979,2917,365,39200.0,3,2021
milligen,2820,2823,6938,303.0,747.0,703.0,519.0,1188.0,1765.0,700.0,617.0,322.0,74.0,1753,4172,1013,34800.0,4,2021
de tippe,0,0,0,0.0,0.0,0.0,0.0,0.0,0.0,0.0,0.0,0.0,0.0,0,0,0,,-,2021
breecamp,818,818,2631,243.0,489.0,284.0,150.0,811.0,554.0,85.0,14.0,1.0,0.0,1016,1600,15,36300.0,5,2021
breezicht,154,154,371,37.0,55.0,36.0,29.0,132.0,62.0,11.0,6.0,3.0,0.0,128,234,9,30300.0,11,2021
stadsbroek,20,20,56,2.0,1.0,4.0,12.0,4.0,16.0,5.0,8.0,4.0,0.0,7,37,12,,-,2021
holtenbroek iv,1663,1663,3145,87.0,213.0,214.0,310.0,607.0,494.0,362.0,384.0,313.0,161.0,514,1773,858,24500.0,20,2021
holtenbroek i,892,893,1875,103.0,206.0,150.0,143.0,517.0,392.0,165.0,135.0,57.0,7.0,459,1217,199,32300.0,8,2021
holtenbroek ii,1379,1382,2613,132.0,250.0,172.0,255.0,863.0,517.0,204.0,129.0,78.0,13.0,554,1839,220,25600.0,19,2021
holtenbroek iii,1078,1083,2222,89.0,200.0,165.0,226.0,527.0,471.0,281.0,161.0,87.0,15.0,454,1505,263,25900.0,17,2021
aa-landen-zuid,1046,1046,2173,97.0,156.0,138.0,174.0,386.0,414.0,297.0,251.0,203.0,57.0,391,1271,511,28300.0,11,2021
aa-landen-midden,2066,2066,3846,128.0,313.0,231.0,190.0,719.0,653.0,449.0,457.0,452.0,254.0,672,2011,1163,28200.0,12,2021
aa-landen-noord,1593,1597,3823,146.0,387.0,306.0,278.0,507.0,723.0,479.0,582.0,343.0,72.0,839,1987,997,33500.0,5,2021
aa-landen-oost,1451,1456,3371,135.0,349.0,235.0,185.0,498.0,612.0,498.0,545.0,281.0,33.0,719,1793,859,32100.0,7,2021
brinkhoek,265,265,643,25.0,39.0,52.0,43.0,52.0,107.0,108.0,114.0,79.0,24.0,116,310,217,67200.0,0,2021
langenholte,44,44,127,5.0,12.0,7.0,17.0,11.0,24.0,31.0,13.0,6.0,1.0,24,83,20,,-,2021
haerst,108,108,283,10.0,18.0,11.0,28.0,45.0,58.0,55.0,43.0,8.0,7.0,39,186,58,40100.0,4,2021
berkum,1656,1671,3802,159.0,341.0,259.0,267.0,505.0,686.0,480.0,472.0,396.0,237.0,759,1938,1105,36200.0,5,2021
bedrijventerrein de vrolijkheid,1,4,8,0.0,0.0,1.0,1.0,0.0,6.0,0.0,0.0,0.0,0.0,1,7,0,,-,2021
veldhoek,105,105,267,8.0,20.0,20.0,27.0,30.0,61.0,37.0,34.0,22.0,8.0,48,155,64,61100.0,5,2021
kantorenterrein oosterenk,123,123,181,0.0,0.0,7.0,67.0,73.0,15.0,10.0,7.0,2.0,0.0,7,165,9,20200.0,25,2021
bedrijventerrein hessenpoort,32,32,77,1.0,6.0,5.0,10.0,9.0,18.0,15.0,6.0,6.0,1.0,12,52,13,,-,2021
tolhuislanden,55,55,173,10.0,19.0,15.0,23.0,23.0,34.0,24.0,13.0,12.0,0.0,44,104,25,,-,2021
herfte,141,141,386,9.0,26.0,39.0,43.0,37.0,67.0,80.0,58.0,17.0,10.0,74,227,85,43200.0,3,2021
bedrijventerrein marslanden-zuid,9,9,171,0.0,2.0,8.0,17.0,70.0,54.0,15.0,3.0,2.0,0.0,10,156,5,,-,2021
wijthmen,247,248,596,15.0,52.0,40.0,57.0,79.0,111.0,111.0,58.0,62.0,11.0,107,358,131,35100.0,2,2021
oud-schelle,486,486,1423,55.0,197.0,135.0,130.0,181.0,337.0,181.0,123.0,63.0,21.0,387,829,207,43900.0,1,2021
schellerhoek,370,373,976,43.0,86.0,85.0,76.0,144.0,223.0,223.0,83.0,11.0,2.0,214,666,96,41700.0,1,2021
schellerbroek,695,695,1453,50.0,99.0,81.0,140.0,267.0,250.0,258.0,192.0,88.0,28.0,230,915,308,35700.0,8,2021
schellerlanden,1194,1202,2616,74.0,220.0,145.0,171.0,310.0,420.0,598.0,450.0,178.0,50.0,439,1499,678,34700.0,5,2021
oldenelerlanden-oost,1005,1005,2386,111.0,236.0,188.0,157.0,469.0,439.0,429.0,270.0,72.0,15.0,535,1494,357,33200.0,6,2021
oldenelerlanden-west,568,568,1437,59.0,146.0,112.0,110.0,208.0,292.0,322.0,148.0,36.0,4.0,317,932,188,40200.0,5,2021
oldenelerbroek,1452,1457,3238,98.0,239.0,262.0,290.0,474.0,704.0,588.0,379.0,162.0,42.0,599,2056,583,35300.0,6,2021
schelle-zuid en oldeneel,68,68,173,0.0,8.0,21.0,18.0,6.0,30.0,37.0,27.0,23.0,3.0,29,91,53,,-,2021
katerveer-engelse werk,202,207,659,7.0,62.0,74.0,63.0,40.0,160.0,91.0,58.0,49.0,55.0,143,354,162,59200.0,2,2021
oud-ittersum,578,578,1466,78.0,162.0,96.0,109.0,256.0,301.0,183.0,150.0,93.0,38.0,336,849,281,34900.0,3,2021
ittersumerlanden,1874,1874,3794,190.0,298.0,224.0,230.0,843.0,645.0,533.0,405.0,267.0,159.0,712,2251,831,28500.0,11,2021
ittersumerbroek,981,1006,2311,77.0,172.0,171.0,219.0,313.0,504.0,465.0,256.0,109.0,25.0,420,1501,390,34600.0,7,2021
geren,450,453,797,27.0,31.0,46.0,122.0,222.0,170.0,96.0,51.0,27.0,5.0,104,610,83,26100.0,17,2021
gerenlanden,1222,1222,3067,126.0,319.0,249.0,269.0,536.0,617.0,478.0,354.0,100.0,19.0,694,1900,473,35300.0,3,2021
gerenbroek,1192,1192,3076,133.0,315.0,287.0,217.0,519.0,640.0,541.0,346.0,74.0,4.0,735,1917,424,34900.0,3,2021
oude mars,29,29,130,0.0,21.0,15.0,8.0,2.0,41.0,35.0,8.0,0.0,0.0,36,86,8,,-,2021
windesheim,155,155,397,21.0,50.0,18.0,33.0,70.0,83.0,57.0,39.0,26.0,0.0,89,243,65,34900.0,3,2021
harculo en hoog-zuthem,141,141,509,9.0,33.0,34.0,37.0,25.0,87.0,114.0,86.0,45.0,39.0,76,263,170,42200.0,0,2021
binnenstad-zuid,1565,1566,2367,34.0,49.0,58.0,477.0,987.0,350.0,183.0,131.0,80.0,18.0,141,1997,229,,,2023
binnenstad-noord,656,659,912,11.0,6.0,18.0,193.0,402.0,123.0,60.0,63.0,31.0,5.0,35,778,99,,,2023
noordereiland,540,558,864,17.0,16.0,22.0,70.0,227.0,157.0,136.0,141.0,69.0,9.0,55,590,219,,,2023
het noorden,1214,1220,1670,53.0,39.0,28.0,433.0,625.0,215.0,104.0,75.0,72.0,26.0,120,1377,173,,,2023
schildersbuurt,175,175,349,10.0,21.0,15.0,42.0,79.0,75.0,45.0,29.0,27.0,6.0,46,241,62,,,2023
bollebieste,990,990,1735,69.0,99.0,91.0,158.0,509.0,298.0,186.0,149.0,103.0,73.0,259,1151,325,,,2023
dieze-centrum,644,647,1038,28.0,29.0,30.0,192.0,430.0,131.0,89.0,67.0,36.0,6.0,87,842,109,,,2023
bagijneweide,490,502,864,17.0,25.0,28.0,168.0,224.0,118.0,91.0,82.0,80.0,31.0,70,601,193,,,2023
hogenkamp,2050,2059,3421,163.0,221.0,160.0,344.0,1206.0,596.0,268.0,189.0,173.0,101.0,544,2414,463,,,2023
indischebuurt,594,594,1010,41.0,76.0,51.0,129.0,320.0,191.0,101.0,59.0,34.0,8.0,168,741,101,,,2023
meppelerstraatweg-zuid,264,264,367,22.0,16.0,6.0,27.0,194.0,61.0,29.0,10.0,2.0,0.0,44,311,12,,,2023
bedrijventerrein floresstraat,185,186,427,25.0,71.0,34.0,13.0,78.0,124.0,40.0,20.0,16.0,6.0,130,255,42,,,2023
wipstrik-noord,1302,1305,3072,170.0,331.0,244.0,218.0,646.0,624.0,355.0,296.0,142.0,46.0,745,1843,484,,,2023
wipstrik-zuid,1857,1861,3358,152.0,220.0,136.0,236.0,896.0,604.0,388.0,371.0,266.0,89.0,508,2124,726,,,2023
stationsbuurt,584,590,1415,63.0,84.0,77.0,273.0,365.0,231.0,123.0,104.0,65.0,30.0,224,992,199,,,2023
oud-assendorp,2131,2133,4220,180.0,260.0,153.0,809.0,1343.0,743.0,395.0,206.0,98.0,33.0,593,3290,337,,,2023
nieuw-assendorp,1424,1424,3081,146.0,308.0,205.0,431.0,729.0,607.0,311.0,209.0,109.0,26.0,659,2078,344,,,2023
wezenlanden,599,638,1198,34.0,107.0,79.0,104.0,255.0,243.0,132.0,151.0,81.0,12.0,220,734,244,,,2023
pierik,1166,1176,2144,110.0,149.0,119.0,149.0,611.0,465.0,245.0,180.0,98.0,18.0,378,1470,296,,,2023
bedrijventerrein marslanden-noord,0,14,30,0.0,3.0,1.0,3.0,1.0,7.0,11.0,4.0,0.0,0.0,4,22,4,,,2023
hanzeland,636,636,1097,28.0,38.0,25.0,171.0,319.0,155.0,141.0,108.0,101.0,11.0,91,786,220,,,2023
kamperpoort,1377,1377,2273,73.0,70.0,48.0,322.0,857.0,265.0,212.0,198.0,142.0,86.0,191,1656,426,,,2023
veerallee,684,684,1900,110.0,231.0,158.0,245.0,336.0,414.0,188.0,119.0,67.0,32.0,499,1183,218,,,2023
bedrijventerrein voorst-a,42,43,54,0.0,0.0,0.0,3.0,34.0,10.0,5.0,2.0,0.0,0.0,0,52,2,,,2023
bedrijventerrein voorst-b,0,0,0,0.0,0.0,0.0,0.0,0.0,0.0,0.0,0.0,0.0,0.0,0,0,0,,,2023
spoolde,117,117,317,7.0,24.0,33.0,32.0,27.0,70.0,42.0,52.0,25.0,5.0,64,171,82,,,2023
oud-westenholte,1051,1057,2610,130.0,268.0,248.0,214.0,399.0,557.0,296.0,259.0,171.0,68.0,646,1466,498,,,2023
westenholte-stins,1103,1108,2575,85.0,215.0,217.0,192.0,435.0,507.0,374.0,387.0,147.0,16.0,517,1508,550,,,2023
vreugderijk,68,68,202,1.0,15.0,24.0,26.0,9.0,45.0,38.0,25.0,18.0,1.0,40,118,44,,,2023
bedrijventerrein voorst-c,1,1,8,1.0,1.0,1.0,0.0,3.0,1.0,1.0,0.0,0.0,0.0,3,5,0,,,2023
bedrijventerrein voorst-d,1,1,5,0.0,0.0,0.0,0.0,2.0,1.0,2.0,0.0,0.0,0.0,0,5,0,,,2023
frankhuis,2320,2366,6593,384.0,829.0,740.0,567.0,1288.0,1777.0,562.0,298.0,120.0,28.0,1953,4194,446,,,2023
mastenbroek,21,21,51,2.0,2.0,5.0,5.0,7.0,9.0,13.0,8.0,0.0,0.0,9,34,8,,,2023
schoonhorst,1870,1870,4200,191.0,333.0,350.0,373.0,860.0,998.0,530.0,294.0,207.0,64.0,874,2761,565,,,2023
werkeren,1659,1682,5279,337.0,933.0,650.0,311.0,1019.0,1377.0,284.0,179.0,122.0,67.0,1920,2991,368,,,2023
milligen,2871,2874,6995,274.0,680.0,672.0,593.0,1220.0,1671.0,761.0,610.0,424.0,90.0,1626,4245,1124,,,2023
de tippe,4,4,17,0.0,3.0,6.0,0.0,0.0,6.0,2.0,0.0,0.0,0.0,9,8,0,,,2023
breecamp,866,866,2787,237.0,522.0,331.0,153.0,757.0,641.0,114.0,29.0,2.0,1.0,1090,1665,32,,,2023
breezicht,545,545,1500,139.0,207.0,135.0,95.0,495.0,320.0,71.0,32.0,6.0,0.0,481,981,38,,,2023
stadsbroek,20,20,56,2.0,4.0,2.0,11.0,5.0,15.0,6.0,4.0,7.0,0.0,8,37,11,,,2023
holtenbroek iv,1695,1695,3225,96.0,220.0,218.0,329.0,641.0,497.0,367.0,360.0,324.0,173.0,534,1834,857,,,2023
holtenbroek i,892,893,1877,96.0,192.0,146.0,163.0,472.0,427.0,156.0,143.0,73.0,9.0,434,1218,225,,,2023
holtenbroek ii,1381,1384,2648,132.0,247.0,183.0,281.0,842.0,536.0,228.0,110.0,78.0,11.0,562,1887,199,,,2023
holtenbroek iii,1053,1058,2207,100.0,182.0,163.0,219.0,512.0,472.0,284.0,167.0,87.0,21.0,445,1487,275,,,2023
aa-landen-zuid,1072,1072,2220,95.0,171.0,149.0,165.0,444.0,395.0,294.0,234.0,208.0,65.0,415,1298,507,,,2023
aa-landen-midden,2066,2066,3856,118.0,340.0,250.0,204.0,685.0,685.0,413.0,415.0,483.0,263.0,708,1987,1161,,,2023
aa-landen-noord,1594,1598,3833,143.0,368.0,323.0,292.0,529.0,718.0,464.0,519.0,399.0,78.0,834,2003,996,,,2023
aa-landen-oost,1451,1456,3377,129.0,344.0,253.0,185.0,488.0,603.0,470.0,498.0,366.0,41.0,726,1746,905,,,2023
brinkhoek,265,265,623,17.0,43.0,46.0,48.0,44.0,109.0,116.0,88.0,83.0,29.0,106,317,200,,,2023
langenholte,46,46,124,4.0,14.0,6.0,14.0,10.0,24.0,26.0,18.0,7.0,1.0,24,74,26,,,2023
haerst,107,107,286,17.0,19.0,15.0,24.0,39.0,53.0,57.0,41.0,15.0,6.0,51,173,62,,,2023
berkum,1674,1689,3880,175.0,367.0,251.0,264.0,546.0,679.0,491.0,468.0,387.0,252.0,793,1980,1107,,,2023
bedrijventerrein de vrolijkheid,1,4,13,0.0,0.0,3.0,2.0,1.0,3.0,4.0,0.0,0.0,0.0,3,10,0,,,2023
veldhoek,106,106,269,2.0,23.0,15.0,36.0,24.0,62.0,42.0,34.0,23.0,8.0,40,164,65,,,2023
kantorenterrein oosterenk,193,193,780,19.0,64.0,63.0,177.0,253.0,132.0,40.0,26.0,4.0,2.0,146,602,32,,,2023
bedrijventerrein hessenpoort,32,32,77,3.0,4.0,7.0,10.0,7.0,19.0,14.0,6.0,5.0,2.0,14,50,13,,,2023
tolhuislanden,55,55,180,10.0,20.0,14.0,23.0,28.0,34.0,25.0,12.0,13.0,1.0,44,110,26,,,2023
herfte,145,145,403,12.0,30.0,47.0,44.0,39.0,77.0,70.0,58.0,19.0,7.0,89,230,84,,,2023
bedrijventerrein marslanden-zuid,10,10,175,0.0,0.0,7.0,24.0,85.0,43.0,13.0,0.0,3.0,0.0,7,165,3,,,2023
wijthmen,248,249,604,13.0,53.0,36.0,58.0,86.0,116.0,109.0,59.0,63.0,11.0,102,369,133,,,2023
oud-schelle,486,486,1428,57.0,184.0,152.0,130.0,151.0,341.0,202.0,125.0,66.0,20.0,393,824,211,,,2023
schellerhoek,371,374,982,40.0,82.0,81.0,83.0,144.0,202.0,210.0,115.0,23.0,2.0,203,639,140,,,2023
schellerbroek,699,699,1443,51.0,111.0,64.0,129.0,268.0,240.0,225.0,232.0,91.0,32.0,226,862,355,,,2023
schellerlanden,1194,1202,2570,72.0,200.0,153.0,159.0,307.0,398.0,546.0,473.0,206.0,56.0,425,1410,735,,,2023
oldenelerlanden-oost,1005,1005,2340,117.0,240.0,152.0,160.0,427.0,446.0,388.0,306.0,92.0,12.0,509,1421,410,,,2023
oldenelerlanden-west,568,568,1421,64.0,138.0,108.0,100.0,212.0,274.0,276.0,201.0,42.0,6.0,310,862,249,,,2023
oldenelerbroek,1454,1459,3154,85.0,218.0,246.0,259.0,497.0,632.0,610.0,377.0,177.0,53.0,549,1998,607,,,2023
schelle-zuid en oldeneel,67,67,170,1.0,8.0,14.0,22.0,7.0,27.0,37.0,27.0,24.0,3.0,23,93,54,,,2023
katerveer-engelse werk,202,207,648,7.0,46.0,76.0,65.0,40.0,139.0,109.0,53.0,59.0,54.0,129,353,166,,,2023
oud-ittersum,578,578,1482,79.0,174.0,103.0,107.0,266.0,280.0,177.0,157.0,98.0,41.0,356,830,296,,,2023
ittersumerlanden,1881,1881,3811,177.0,323.0,217.0,240.0,805.0,664.0,508.0,434.0,295.0,148.0,717,2217,877,,,2023
ittersumerbroek,983,1008,2264,68.0,169.0,148.0,212.0,309.0,438.0,467.0,284.0,141.0,28.0,385,1426,453,,,2023
geren,450,453,804,29.0,42.0,37.0,124.0,227.0,173.0,88.0,59.0,22.0,3.0,108,612,84,,,2023
gerenlanden,1222,1222,3025,140.0,268.0,243.0,269.0,536.0,589.0,459.0,363.0,137.0,21.0,651,1853,521,,,2023
gerenbroek,1192,1192,3037,146.0,285.0,269.0,229.0,512.0,593.0,493.0,397.0,109.0,4.0,700,1827,510,,,2023
oude mars,54,54,203,5.0,19.0,35.0,11.0,16.0,53.0,47.0,16.0,1.0,0.0,59,127,17,,,2023
windesheim,156,156,406,20.0,51.0,23.0,26.0,69.0,82.0,64.0,42.0,27.0,2.0,94,241,71,,,2023
harculo en hoog-zuthem,140,140,493,6.0,26.0,37.0,32.0,28.0,80.0,97.0,97.0,61.0,29.0,69,237,187,,,2023
binnenstad-zuid,1575,1576,2373,36.0,54.0,52.0,467.0,1012.0,335.0,172.0,133.0,87.0,25.0,142,1986,245,,,2024
binnenstad-noord,715,718,975,12.0,8.0,14.0,226.0,429.0,118.0,68.0,61.0,32.0,7.0,34,841,100,,,2024
noordereiland,543,562,877,13.0,22.0,18.0,75.0,237.0,150.0,136.0,141.0,76.0,9.0,53,598,226,,,2024
het noorden,1243,1249,1710,61.0,38.0,34.0,418.0,636.0,225.0,119.0,82.0,69.0,28.0,133,1398,179,,,2024
schildersbuurt,175,175,346,11.0,18.0,16.0,36.0,83.0,80.0,42.0,33.0,22.0,5.0,45,241,60,,,2024
bollebieste,990,990,1730,68.0,89.0,99.0,148.0,517.0,302.0,190.0,134.0,102.0,81.0,256,1157,317,,,2024
dieze-centrum,647,650,1064,30.0,28.0,22.0,231.0,420.0,123.0,96.0,69.0,37.0,8.0,80,870,114,,,2024
bagijneweide,490,502,860,15.0,33.0,21.0,155.0,234.0,115.0,89.0,82.0,80.0,36.0,69,593,198,,,2024
hogenkamp,2050,2059,3445,163.0,237.0,154.0,332.0,1202.0,601.0,281.0,196.0,179.0,100.0,554,2416,475,,,2024
indischebuurt,581,581,1014,33.0,70.0,58.0,126.0,340.0,185.0,102.0,57.0,38.0,5.0,161,753,100,,,2024
meppelerstraatweg-zuid,264,264,366,19.0,19.0,6.0,29.0,187.0,67.0,27.0,9.0,2.0,1.0,44,310,12,,,2024
bedrijventerrein floresstraat,185,186,426,22.0,68.0,40.0,12.0,71.0,122.0,46.0,23.0,17.0,5.0,130,251,45,,,2024
wipstrik-noord,1302,1305,3039,157.0,335.0,239.0,196.0,666.0,615.0,344.0,302.0,144.0,41.0,731,1821,487,,,2024
wipstrik-zuid,1860,1864,3340,133.0,236.0,144.0,245.0,854.0,618.0,393.0,369.0,262.0,86.0,513,2110,717,,,2024
stationsbuurt,587,593,1415,58.0,83.0,76.0,264.0,366.0,227.0,126.0,102.0,78.0,35.0,217,983,215,,,2024
oud-assendorp,2129,2130,4139,179.0,245.0,164.0,787.0,1295.0,733.0,396.0,207.0,101.0,32.0,588,3211,340,,,2024
nieuw-assendorp,1426,1426,3088,140.0,283.0,213.0,458.0,701.0,610.0,332.0,206.0,113.0,32.0,636,2101,351,,,2024
wezenlanden,639,678,1161,31.0,104.0,71.0,107.0,239.0,231.0,147.0,125.0,91.0,15.0,206,724,231,,,2024
pierik,1172,1182,2139,99.0,147.0,121.0,144.0,614.0,455.0,251.0,188.0,100.0,20.0,367,1464,308,,,2024
bedrijventerrein marslanden-noord,0,14,30,0.0,2.0,2.0,3.0,1.0,5.0,13.0,4.0,0.0,0.0,4,22,4,,,2024
hanzeland,636,636,1111,34.0,32.0,31.0,175.0,314.0,157.0,132.0,114.0,106.0,16.0,97,778,236,,,2024
kamperpoort,1381,1381,2439,80.0,108.0,72.0,331.0,915.0,283.0,213.0,201.0,144.0,92.0,260,1742,437,,,2024
veerallee,684,684,1879,111.0,231.0,162.0,231.0,331.0,402.0,187.0,121.0,72.0,31.0,504,1151,224,,,2024
bedrijventerrein voorst-a,42,42,54,0.0,0.0,0.0,4.0,32.0,8.0,8.0,2.0,0.0,0.0,0,52,2,,,2024
bedrijventerrein voorst-b,0,0,0,0.0,0.0,0.0,0.0,0.0,0.0,0.0,0.0,0.0,0.0,0,0,0,,,2024
spoolde,117,117,314,8.0,25.0,31.0,31.0,30.0,70.0,37.0,55.0,22.0,5.0,64,168,82,,,2024
oud-westenholte,1051,1057,2606,122.0,261.0,252.0,210.0,407.0,548.0,304.0,263.0,171.0,68.0,635,1469,502,,,2024
westenholte-stins,1103,1108,2553,93.0,205.0,207.0,177.0,445.0,489.0,373.0,391.0,157.0,16.0,505,1484,564,,,2024
vreugderijk,68,68,197,1.0,14.0,20.0,25.0,7.0,44.0,35.0,30.0,18.0,3.0,35,111,51,,,2024
bedrijventerrein voorst-c,1,1,8,1.0,2.0,1.0,0.0,3.0,1.0,0.0,0.0,0.0,0.0,4,4,0,,,2024
bedrijventerrein voorst-d,1,1,4,0.0,0.0,0.0,0.0,1.0,0.0,2.0,1.0,0.0,0.0,0,3,1,,,2024
frankhuis,2321,2368,6529,394.0,765.0,739.0,547.0,1252.0,1740.0,615.0,307.0,139.0,31.0,1898,4154,477,,,2024
mastenbroek,21,21,51,1.0,3.0,4.0,6.0,7.0,11.0,10.0,9.0,0.0,0.0,8,34,9,,,2024
schoonhorst,1870,1870,4160,193.0,320.0,333.0,379.0,857.0,929.0,576.0,302.0,208.0,63.0,846,2741,573,,,2024
werkeren,1662,1685,5341,298.0,890.0,694.0,350.0,970.0,1417.0,322.0,184.0,136.0,80.0,1882,3059,400,,,2024
milligen,2871,2874,6899,266.0,637.0,638.0,606.0,1172.0,1636.0,794.0,599.0,455.0,96.0,1541,4208,1150,,,2024
de tippe,135,135,299,18.0,28.0,32.0,30.0,113.0,56.0,13.0,8.0,1.0,0.0,78,212,9,,,2024
breecamp,868,868,2770,219.0,501.0,325.0,173.0,710.0,668.0,136.0,34.0,3.0,1.0,1045,1687,38,,,2024
breezicht,731,731,2027,189.0,287.0,182.0,109.0,693.0,414.0,107.0,39.0,7.0,0.0,658,1323,46,,,2024
stadsbroek,20,20,52,1.0,5.0,0.0,10.0,5.0,12.0,8.0,3.0,7.0,1.0,6,35,11,,,2024
holtenbroek iv,1694,1694,3182,109.0,200.0,221.0,335.0,626.0,508.0,346.0,351.0,328.0,158.0,530,1815,837,,,2024
holtenbroek i,892,893,1892,92.0,198.0,131.0,184.0,461.0,420.0,180.0,143.0,73.0,10.0,421,1245,226,,,2024
holtenbroek ii,1392,1397,2658,123.0,230.0,197.0,298.0,836.0,546.0,224.0,108.0,83.0,13.0,550,1904,204,,,2024
holtenbroek iii,1126,1131,2300,105.0,168.0,173.0,240.0,572.0,458.0,287.0,182.0,92.0,23.0,446,1557,297,,,2024
aa-landen-zuid,1072,1072,2215,95.0,160.0,133.0,173.0,482.0,369.0,305.0,229.0,200.0,69.0,388,1329,498,,,2024
aa-landen-midden,2171,2171,3953,110.0,320.0,264.0,233.0,656.0,734.0,460.0,412.0,496.0,268.0,694,2083,1176,,,2024
aa-landen-noord,1594,1598,3850,156.0,368.0,322.0,309.0,515.0,715.0,463.0,499.0,405.0,98.0,846,2002,1002,,,2024
aa-landen-oost,1451,1456,3335,117.0,329.0,257.0,191.0,458.0,605.0,464.0,474.0,398.0,42.0,703,1718,914,,,2024
brinkhoek,265,265,616,11.0,52.0,43.0,39.0,39.0,112.0,119.0,92.0,86.0,23.0,106,309,201,,,2024
langenholte,46,46,126,4.0,14.0,8.0,12.0,13.0,22.0,27.0,14.0,11.0,1.0,26,74,26,,,2024
haerst,108,108,291,14.0,23.0,16.0,24.0,37.0,52.0,60.0,42.0,18.0,5.0,53,173,65,,,2024
berkum,1700,1715,3936,171.0,388.0,264.0,249.0,562.0,697.0,501.0,455.0,394.0,255.0,823,2009,1104,,,2024
bedrijventerrein de vrolijkheid,1,4,14,0.0,0.0,2.0,3.0,0.0,4.0,5.0,0.0,0.0,0.0,2,12,0,,,2024
veldhoek,106,106,276,6.0,26.0,18.0,28.0,32.0,53.0,46.0,35.0,20.0,12.0,50,159,67,,,2024
kantorenterrein oosterenk,198,198,796,22.0,57.0,72.0,158.0,254.0,140.0,40.0,42.0,6.0,5.0,151,592,53,,,2024
bedrijventerrein hessenpoort,32,32,74,4.0,4.0,7.0,5.0,8.0,17.0,14.0,9.0,5.0,1.0,15,44,15,,,2024
tolhuislanden,55,55,163,8.0,17.0,10.0,19.0,29.0,31.0,21.0,13.0,14.0,1.0,35,100,28,,,2024
herfte,146,146,412,9.0,35.0,38.0,48.0,45.0,76.0,74.0,60.0,21.0,6.0,82,243,87,,,2024
bedrijventerrein marslanden-zuid,10,10,181,0.0,0.0,7.0,19.0,77.0,59.0,16.0,3.0,0.0,0.0,7,171,3,,,2024
wijthmen,248,248,601,16.0,42.0,41.0,56.0,85.0,118.0,111.0,57.0,61.0,14.0,99,370,132,,,2024
oud-schelle,486,486,1397,55.0,167.0,147.0,130.0,130.0,344.0,209.0,125.0,75.0,15.0,369,813,215,,,2024
schellerhoek,372,375,956,38.0,76.0,84.0,67.0,140.0,193.0,207.0,116.0,34.0,1.0,198,607,151,,,2024
schellerbroek,699,699,1424,41.0,107.0,76.0,107.0,265.0,230.0,230.0,240.0,96.0,32.0,224,832,368,,,2024
schellerlanden,1194,1202,2553,80.0,203.0,153.0,143.0,303.0,393.0,506.0,503.0,217.0,52.0,436,1345,772,,,2024
oldenelerlanden-oost,1005,1005,2310,106.0,220.0,157.0,160.0,419.0,431.0,390.0,320.0,92.0,15.0,483,1400,427,,,2024
oldenelerlanden-west,568,568,1403,61.0,132.0,117.0,83.0,200.0,269.0,271.0,224.0,37.0,9.0,310,823,270,,,2024
oldenelerbroek,1454,1459,3099,81.0,203.0,238.0,236.0,490.0,620.0,587.0,389.0,204.0,51.0,522,1933,644,,,2024
schelle-zuid en oldeneel,67,67,163,1.0,6.0,14.0,21.0,6.0,23.0,34.0,32.0,21.0,5.0,21,84,58,,,2024
katerveer-engelse werk,202,207,623,8.0,40.0,67.0,57.0,34.0,135.0,104.0,56.0,66.0,56.0,115,330,178,,,2024
oud-ittersum,578,578,1480,87.0,169.0,101.0,99.0,264.0,289.0,175.0,153.0,105.0,38.0,357,827,296,,,2024
ittersumerlanden,1881,1881,3822,176.0,328.0,215.0,235.0,822.0,653.0,481.0,454.0,310.0,148.0,719,2191,912,,,2024
ittersumerbroek,982,1007,2226,65.0,168.0,130.0,200.0,317.0,413.0,462.0,290.0,150.0,31.0,363,1392,471,,,2024
geren,450,453,796,31.0,43.0,32.0,118.0,226.0,172.0,85.0,60.0,23.0,6.0,106,601,89,,,2024
gerenlanden,1222,1222,3004,146.0,278.0,227.0,242.0,553.0,564.0,447.0,376.0,148.0,23.0,651,1806,547,,,2024
gerenbroek,1192,1192,3024,143.0,277.0,259.0,230.0,512.0,600.0,458.0,419.0,119.0,7.0,679,1800,545,,,2024
oude mars,76,76,267,13.0,24.0,38.0,20.0,27.0,67.0,57.0,19.0,2.0,0.0,75,171,21,,,2024
windesheim,156,156,389,18.0,48.0,24.0,19.0,68.0,74.0,58.0,48.0,30.0,2.0,90,219,80,,,2024
harculo en hoog-zuthem,139,139,491,9.0,26.0,30.0,36.0,27.0,77.0,102.0,99.0,58.0,27.0,65,242,184,,,2024
